static const unsigned char audio_bin[] = {
  0x49, 0x44, 0x33, 0x04, 0x00, 0x00, 0x00, 0x00, 0x00, 0x23, 0x54, 0x53,
  0x53, 0x45, 0x00, 0x00, 0x00, 0x0f, 0x00, 0x00, 0x03, 0x4c, 0x61, 0x76,
  0x66, 0x36, 0x32, 0x2e, 0x31, 0x32, 0x2e, 0x31, 0x30, 0x31, 0x00, 0x00,
  0x00, 0x00, 0x00, 0x00, 0x00, 0x00, 0x00, 0x00, 0x00, 0xff, 0xf3, 0xa0,
  0xc0, 0x00, 0x00, 0x00, 0x00, 0x00, 0x00, 0x00, 0x00, 0x00, 0x49, 0x6e,
  0x66, 0x6f, 0x00, 0x00, 0x00, 0x0f, 0x00, 0x00, 0x00, 0x3c, 0x00, 0x00,
  0x4a, 0xb1, 0x00, 0x08, 0x0c, 0x0c, 0x10, 0x14, 0x14, 0x19, 0x19, 0x1d,
  0x21, 0x21, 0x25, 0x25, 0x29, 0x2e, 0x2e, 0x32, 0x32, 0x36, 0x3a, 0x3a,
  0x3e, 0x3e, 0x43, 0x47, 0x47, 0x4b, 0x4b, 0x4f, 0x53, 0x53, 0x58, 0x58,
  0x5c, 0x60, 0x60, 0x64, 0x64, 0x68, 0x6d, 0x6d, 0x71, 0x71, 0x75, 0x79,
  0x79, 0x7d, 0x7d, 0x82, 0x86, 0x86, 0x8a, 0x8a, 0x8e, 0x92, 0x92, 0x97,
  0x97, 0x9b, 0x9f, 0x9f, 0xa3, 0xa3, 0xa7, 0xac, 0xac, 0xb0, 0xb0, 0xb4,
  0xb8, 0xb8, 0xbc, 0xbc, 0xc1, 0xc5, 0xc5, 0xc9, 0xc9, 0xcd, 0xd1, 0xd1,
  0xd6, 0xd6, 0xda, 0xde, 0xde, 0xe2, 0xe2, 0xe6, 0xeb, 0xeb, 0xef, 0xef,
  0xf3, 0xf7, 0xf7, 0xfb, 0xfb, 0xff, 0x00, 0x00, 0x00, 0x00, 0x4c, 0x61,
  0x76, 0x63, 0x36, 0x32, 0x2e, 0x32, 0x38, 0x00, 0x00, 0x00, 0x00, 0x00,
  0x00, 0x00, 0x00, 0x00, 0x00, 0x00, 0x00, 0x24, 0x03, 0x8d, 0x00, 0x00,
  0x00, 0x00, 0x00, 0x00, 0x4a, 0xb1, 0xe5, 0x9a, 0x3c, 0x50, 0x00, 0x00,
  0x00, 0x00, 0x00, 0x00, 0x00, 0x00, 0x00, 0x00, 0x00, 0x00, 0x00, 0x00,
  0x00, 0x00, 0x00, 0x00, 0x00, 0x00, 0x00, 0x00, 0x00, 0x00, 0x00, 0x00,
  0x00, 0x00, 0x00, 0x00, 0x00, 0x00, 0x00, 0x00, 0x00, 0x00, 0x00, 0x00,
  0x00, 0x00, 0x00, 0x00, 0x00, 0x00, 0x00, 0x00, 0x00, 0x00, 0x00, 0x00,
  0x00, 0x00, 0x00, 0x00, 0x00, 0x00, 0x00, 0x00, 0x00, 0x00, 0x00, 0x00,
  0x00, 0x00, 0x00, 0x00, 0x00, 0x00, 0x00, 0x00, 0x00, 0x00, 0x00, 0x00,
  0x00, 0x00, 0x00, 0x00, 0x00, 0x00, 0x00, 0x00, 0x00, 0x00, 0x00, 0x00,
  0x00, 0x00, 0x00, 0x00, 0x00, 0x00, 0x00, 0x00, 0x00, 0x00, 0x00, 0x00,
  0x00, 0x00, 0x00, 0x00, 0x00, 0x00, 0x00, 0x00, 0x00, 0x00, 0x00, 0x00,
  0x00, 0x00, 0x00, 0x00, 0x00, 0x00, 0x00, 0x00, 0x00, 0x00, 0x00, 0x00,
  0x00, 0x00, 0x00, 0x00, 0x00, 0x00, 0x00, 0x00, 0x00, 0x00, 0x00, 0x00,
  0x00, 0x00, 0x00, 0x00, 0x00, 0x00, 0x00, 0x00, 0x00, 0x00, 0xff, 0xf3,
  0xa0, 0xc4, 0x00, 0x35, 0x69, 0x45, 0xf0, 0x05, 0x5d, 0xc0, 0x00, 0x4e,
  0x02, 0xa0, 0x49, 0x84, 0x61, 0xe9, 0x8a, 0x62, 0xe9, 0x8b, 0x62, 0x29,
  0x83, 0x60, 0x41, 0x8a, 0x84, 0xd1, 0x9b, 0x48, 0x21, 0x9f, 0x44, 0xb1,
  0x89, 0xe7, 0x79, 0xb5, 0x4b, 0x81, 0x96, 0x46, 0x39, 0xbe, 0x36, 0x79,
  0xeb, 0x7c, 0xb9, 0xef, 0xf8, 0xc9, 0xce, 0xac, 0xe9, 0x93, 0xe3, 0xb1,
  0xa1, 0x49, 0xa1, 0xa1, 0xc5, 0x61, 0x8e, 0xe1, 0x59, 0x86, 0xe2, 0xc9,
  0x8d, 0x23, 0x29, 0x8a, 0x61, 0xf9, 0x86, 0x21, 0x49, 0x84, 0x60, 0xf9,
  0x83, 0x60, 0xb9, 0x82, 0xa0, 0x99, 0x82, 0x20, 0x59, 0xc9, 0x86, 0xc5,
  0x1a, 0x08, 0x62, 0x00, 0x08, 0x05, 0xa4, 0x2e, 0x42, 0x01, 0x10, 0x71,
  0x00, 0x68, 0xae, 0x98, 0xea, 0x9d, 0x63, 0xae, 0xf5, 0xde, 0xce, 0xda,
  0xfb, 0x10, 0x67, 0x0d, 0x71, 0xc8, 0x72, 0x1d, 0xc7, 0xf1, 0xfc, 0x7f,
  0x1d, 0xf7, 0xfd, 0xff, 0x7f, 0xdf, 0xf8, 0xdc, 0x6e, 0x37, 0x2f, 0x8c,
  0x46, 0x23, 0x12, 0xca, 0x4a, 0x4a, 0x4a, 0x4a, 0x49, 0x7d, 0x3d, 0x3d,
  0x3d, 0x3d, 0x3d, 0x3d, 0xbc, 0xc1, 0x00, 0x40, 0x10, 0x04, 0x01, 0x30,
  0x7c, 0x1f, 0x07, 0xc1, 0xf0, 0x40, 0x10, 0x04, 0x06, 0x02, 0x60, 0xf8,
  0x3f, 0x48, 0x20, 0x08, 0x02, 0x00, 0x84, 0xb8, 0x3e, 0x0f, 0xfc, 0x13,
  0x07, 0xdf, 0xfe, 0x0f, 0x83, 0xe1, 0xf7, 0x70, 0x70, 0x31, 0x97, 0x04,
  0x03, 0x14, 0xfc, 0x10, 0x39, 0x13, 0x83, 0x80, 0x80, 0x20, 0x08, 0x02,
  0x00, 0xf8, 0x7f, 0xff, 0x94, 0x04, 0x01, 0x00, 0xc2, 0x30, 0x06, 0x80,
  0x25, 0x30, 0x0e, 0x41, 0x27, 0x11, 0x00, 0x6c, 0x60, 0x3c, 0x86, 0xca,
  0x16, 0x00, 0x54, 0xc0, 0xd2, 0x07, 0x6c, 0xc3, 0x4f, 0x0c, 0x0c, 0xc9,
  0xe5, 0x54, 0x14, 0xc3, 0x23, 0x09, 0x08, 0xcf, 0x52, 0x18, 0x40, 0xc7,
  0x84, 0x06, 0xb0, 0xcf, 0xb2, 0xfd, 0xc0, 0xd1, 0x4f, 0x0f, 0xf4, 0xc0,
  0xa0, 0x05, 0x00, 0xdb, 0xef, 0x03, 0x78, 0xc3, 0x34, 0x04, 0x60, 0xd0,
  0x73, 0x1c, 0x58, 0xc2, 0x64, 0x07, 0x9c, 0x2e, 0xa8, 0x2c, 0x24, 0x40,
  0x10, 0x37, 0x07, 0x02, 0xce, 0x85, 0x8f, 0x81, 0xb2, 0x9a, 0x06, 0xff,
  0xf3, 0xa2, 0xc4, 0x56, 0x3a, 0x2a, 0xe6, 0x18, 0x01, 0x9f, 0xa0, 0x01,
  0xd0, 0x38, 0x18, 0x53, 0x07, 0x06, 0x68, 0x97, 0x06, 0xf1, 0x8e, 0x21,
  0x4a, 0x0b, 0x40, 0x01, 0x06, 0x06, 0xa0, 0x5c, 0xba, 0xd1, 0xcc, 0x24,
  0x0d, 0xcd, 0x44, 0xec, 0x19, 0x74, 0x42, 0x41, 0x0a, 0xa5, 0x5b, 0xa4,
  0x4f, 0xc9, 0xf2, 0x28, 0x78, 0x6b, 0x0e, 0x31, 0x67, 0x13, 0x64, 0x16,
  0xcf, 0x52, 0xa4, 0xe1, 0x9a, 0x65, 0xf4, 0x8b, 0x88, 0x10, 0x12, 0xd1,
  0x02, 0x32, 0x27, 0x8b, 0x29, 0xad, 0x6d, 0xcc, 0xee, 0x8b, 0xad, 0xee,
  0x60, 0xcc, 0x4c, 0x94, 0x0b, 0xa6, 0x45, 0xf2, 0xf1, 0x99, 0xe2, 0xef,
  0x65, 0xbf, 0xd4, 0x92, 0xe9, 0xaa, 0x82, 0xd7, 0x4a, 0xea, 0x62, 0xf2,
  0x45, 0xe3, 0x15, 0x98, 0x9c, 0x64, 0x93, 0x49, 0x7d, 0x6d, 0x74, 0x76,
  0xd6, 0xb6, 0x6d, 0x27, 0x76, 0x52, 0xd6, 0xec, 0x8d, 0x99, 0x03, 0x56,
  0x29, 0x04, 0x9c, 0x12, 0xa5, 0x7e, 0x1f, 0x79, 0xe0, 0x7f, 0xdf, 0x37,
  0x4a, 0x7f, 0x99, 0xcb, 0x7b, 0x8f, 0xfc, 0x44, 0xd8, 0x9d, 0x5c, 0xbb,
  0xa2, 0x35, 0x4d, 0x4c, 0x41, 0x4d, 0x45, 0x33, 0x2e, 0x31, 0x30, 0x31,
  0x20, 0x28, 0x62, 0x65, 0x74, 0x61, 0x20, 0x33, 0x29, 0x55, 0x55, 0x55,
  0x55, 0x55, 0x55, 0x55, 0x55, 0x55, 0x55, 0x55, 0x55, 0x55, 0x55, 0x55,
  0x55, 0x55, 0x55, 0x55, 0x55, 0x55, 0x55, 0x55, 0x55, 0x55, 0x55, 0x55,
  0x55, 0x55, 0x55, 0x55, 0x55, 0x55, 0x55, 0x55, 0x55, 0x55, 0x55, 0x55,
  0x55, 0x55, 0x55, 0x55, 0x55, 0x55, 0x55, 0x55, 0x55, 0x55, 0x55, 0x55,
  0x55, 0x55, 0x55, 0x55, 0x55, 0x55, 0x55, 0x55, 0x55, 0x55, 0x55, 0x55,
  0x55, 0x55, 0x55, 0x55, 0x55, 0xb2, 0xb6, 0xcc, 0x00, 0xa0, 0x02, 0x40,
  0x00, 0x04, 0x83, 0x00, 0x52, 0x30, 0x36, 0x40, 0xf4, 0x30, 0x3e, 0x44,
  0xfe, 0x30, 0x79, 0x43, 0xd4, 0x30, 0xfe, 0xc1, 0x9a, 0x30, 0xbe, 0x47,
  0x4c, 0x32, 0xa0, 0xc8, 0xf2, 0x3e, 0xbd, 0xd5, 0xe7, 0x32, 0xba, 0x88,
  0x53, 0x07, 0x0e, 0x88, 0x60, 0x4d, 0x80, 0xfc, 0x60, 0x87, 0x82, 0x74,
  0x60, 0x51, 0x80, 0x5a, 0x60, 0x35, 0x00, 0xae, 0x60, 0x19, 0x80, 0x70,
  0x60, 0xff, 0xf3, 0xa0, 0xc4, 0x44, 0x1c, 0x08, 0x92, 0x18, 0x01, 0xdf,
  0x10, 0x00, 0x02, 0x80, 0x2e, 0x06, 0x00, 0xd6, 0xc6, 0x5d, 0xff, 0xff,
  0xab, 0x08, 0xc5, 0xef, 0x67, 0xc4, 0x76, 0x31, 0xf6, 0x7a, 0x8f, 0x8a,
  0x7a, 0x1b, 0xbb, 0xff, 0xdb, 0xb1, 0x8e, 0xfd, 0x28, 0xff, 0x8e, 0xe5,
  0x32, 0x5c, 0xdf, 0x98, 0x73, 0xac, 0xf6, 0xd7, 0xfd, 0x75, 0xaa, 0x4c,
  0x41, 0x4d, 0x45, 0x33, 0x2e, 0x31, 0x30, 0x31, 0x20, 0x28, 0x62, 0x65,
  0x74, 0x61, 0x20, 0x33, 0x29, 0xaa, 0xaa, 0xaa, 0xaa, 0xaa, 0xaa, 0xaa,
  0xaa, 0xaa, 0xaa, 0xaa, 0xaa, 0xaa, 0xaa, 0xaa, 0xaa, 0xaa, 0xaa, 0xaa,
  0xaa, 0xaa, 0xaa, 0xaa, 0xaa, 0xaa, 0xaa, 0xaa, 0xaa, 0xaa, 0xaa, 0xaa,
  0xaa, 0xaa, 0xaa, 0xaa, 0xaa, 0xaa, 0xaa, 0xaa, 0xaa, 0xaa, 0xaa, 0xaa,
  0xaa, 0xaa, 0xaa, 0xaa, 0xaa, 0xaa, 0xaa, 0xaa, 0xaa, 0xaa, 0xaa, 0xaa,
  0xaa, 0xaa, 0xaa, 0xaa, 0xaa, 0xaa, 0xaa, 0xaa, 0xaa, 0xaa, 0xaa, 0xaa,
  0xaa, 0xaa, 0xaa, 0xaa, 0xaa, 0xaa, 0xaa, 0xaa, 0xaa, 0xaa, 0xaa, 0xaa,
  0xaa, 0xaa, 0xaa, 0xaa, 0xaa, 0xaa, 0xaa, 0xaa, 0xaa, 0xaa, 0xaa, 0xaa,
  0xaa, 0xaa, 0xaa, 0xaa, 0xaa, 0xaa, 0xaa, 0xaa, 0xaa, 0xaa, 0xaa, 0xaa,
  0xaa, 0xaa, 0xaa, 0xaa, 0xaa, 0xaa, 0xaa, 0xaa, 0xaa, 0xaa, 0xaa, 0xaa,
  0xaa, 0xaa, 0xaa, 0xaa, 0xaa, 0xaa, 0xaa, 0xaa, 0xaa, 0xaa, 0xaa, 0xaa,
  0xaa, 0xaa, 0xaa, 0xaa, 0xaa, 0xaa, 0xaa, 0xaa, 0xaa, 0xaa, 0xaa, 0xaa,
  0xaa, 0xaa, 0xaa, 0xaa, 0xaa, 0xaa, 0xaa, 0xaa, 0xaa, 0xaa, 0xaa, 0xaa,
  0xaa, 0xaa, 0xaa, 0xaa, 0xaa, 0xaa, 0xaa, 0xaa, 0xaa, 0xaa, 0xaa, 0xaa,
  0xaa, 0xaa, 0xaa, 0xaa, 0xaa, 0xaa, 0xaa, 0xaa, 0xaa, 0xaa, 0xaa, 0xaa,
  0xaa, 0xaa, 0xaa, 0xaa, 0xaa, 0xaa, 0xaa, 0xaa, 0xaa, 0xaa, 0xaa, 0xaa,
  0xaa, 0xaa, 0xaa, 0xaa, 0xaa, 0xaa, 0xaa, 0xaa, 0xaa, 0xaa, 0xaa, 0xaa,
  0xaa, 0xaa, 0xaa, 0xaa, 0xaa, 0xde, 0xb1, 0xb9, 0x04, 0x92, 0x80, 0x00,
  0x60, 0x5f, 0x09, 0xc6, 0x04, 0x00, 0x64, 0x02, 0x00, 0x31, 0x80, 0x3a,
  0x00, 0x81, 0x80, 0xe0, 0x02, 0xb9, 0xf5, 0x50, 0x96, 0x21, 0xc9, 0x02,
  0xa0, 0xe3, 0xff, 0xf3, 0xa2, 0xc4, 0x21, 0x13, 0xc0, 0x8e, 0x18, 0x00,
  0xff, 0x0a, 0x64, 0x70, 0xb0, 0x65, 0x26, 0x9a, 0xb4, 0x0e, 0x03, 0x8c,
  0x5e, 0x9f, 0xb6, 0x1f, 0xe8, 0xfe, 0x73, 0x47, 0xe8, 0x52, 0x94, 0xce,
  0x37, 0xdd, 0xe8, 0xdb, 0xa7, 0x2b, 0x4f, 0xf7, 0xe9, 0xee, 0x2b, 0x40,
  0xb6, 0xc7, 0x55, 0xee, 0xf2, 0xfa, 0xb4, 0xa8, 0xb6, 0xcf, 0x1b, 0xb7,
  0xed, 0x4c, 0x41, 0x4d, 0x45, 0x33, 0x2e, 0x31, 0x30, 0x31, 0x20, 0x28,
  0x62, 0x65, 0x74, 0x61, 0x20, 0x33, 0x29, 0xaa, 0xaa, 0xaa, 0xaa, 0xaa,
  0xaa, 0xaa, 0xaa, 0xaa, 0xaa, 0xaa, 0xaa, 0xaa, 0xaa, 0xaa, 0xaa, 0xaa,
  0xaa, 0xaa, 0xaa, 0xaa, 0xaa, 0xaa, 0xaa, 0xaa, 0xaa, 0xaa, 0xaa, 0xaa,
  0xaa, 0xaa, 0xaa, 0xaa, 0xaa, 0xaa, 0xaa, 0xaa, 0xaa, 0xaa, 0xaa, 0xaa,
  0xaa, 0xaa, 0xaa, 0xaa, 0xaa, 0xaa, 0xaa, 0xaa, 0xaa, 0xaa, 0xaa, 0xaa,
  0xaa, 0xaa, 0xaa, 0xaa, 0xaa, 0xaa, 0xaa, 0xaa, 0xaa, 0xaa, 0xaa, 0xaa,
  0xaa, 0xaa, 0xaa, 0xaa, 0xaa, 0xaa, 0xaa, 0xaa, 0xaa, 0xaa, 0xaa, 0xaa,
  0xaa, 0xaa, 0xaa, 0xaa, 0xaa, 0xaa, 0xaa, 0xaa, 0xaa, 0xaa, 0xaa, 0xaa,
  0xaa, 0xaa, 0xaa, 0xaa, 0xaa, 0xaa, 0xaa, 0xaa, 0xaa, 0xaa, 0xaa, 0xaa,
  0xaa, 0xaa, 0xaa, 0xaa, 0xaa, 0xaa, 0xaa, 0xaa, 0xaa, 0xaa, 0xaa, 0xaa,
  0xaa, 0xaa, 0xaa, 0xaa, 0xaa, 0xaa, 0xaa, 0xaa, 0xaa, 0xaa, 0xaa, 0xaa,
  0xaa, 0xaa, 0xaa, 0xaa, 0xaa, 0xaa, 0xaa, 0xaa, 0xaa, 0xaa, 0xaa, 0xaa,
  0xaa, 0xaa, 0xaa, 0xaa, 0xaa, 0xaa, 0xaa, 0xaa, 0xaa, 0xaa, 0xaa, 0xaa,
  0xaa, 0xaa, 0xaa, 0xaa, 0xaa, 0xaa, 0xaa, 0xaa, 0xaa, 0xaa, 0xaa, 0xaa,
  0xaa, 0xaa, 0xaa, 0xaa, 0xaa, 0xaa, 0xaa, 0xaa, 0xaa, 0xaa, 0xaa, 0xaa,
  0xaa, 0xaa, 0xaa, 0xaa, 0xaa, 0xaa, 0xaa, 0xaa, 0xaa, 0xaa, 0xaa, 0xaa,
  0xaa, 0xaa, 0xaa, 0xaa, 0xaa, 0xaa, 0xaa, 0xaa, 0xaa, 0xaa, 0xaa, 0xaa,
  0xaa, 0xaa, 0xaa, 0xaa, 0xaa, 0xaa, 0xaa, 0xaa, 0xaa, 0xaa, 0xaa, 0xaa,
  0xd6, 0xf5, 0x76, 0x0a, 0x20, 0x00, 0x04, 0xc0, 0xdb, 0x13, 0x68, 0x02,
  0x00, 0xc1, 0x80, 0x00, 0x00, 0x39, 0x80, 0x38, 0x00, 0x99, 0x80, 0xe2,
  0x03, 0x11, 0xf4, 0x7e, 0xff, 0xf3, 0xa0, 0xc4, 0x1c, 0x12, 0x38, 0xee,
  0x18, 0x00, 0xff, 0x04, 0x68, 0xa9, 0x09, 0xc8, 0xc3, 0x40, 0xa3, 0x68,
  0xb0, 0x69, 0x20, 0x5a, 0xbb, 0xf1, 0x28, 0xbb, 0x96, 0xf5, 0xff, 0x40,
  0x0f, 0xbd, 0xff, 0xe9, 0xe1, 0xea, 0xf6, 0x2f, 0x2e, 0xb4, 0x7f, 0xfe,
  0xef, 0xcc, 0x7f, 0xfa, 0xf5, 0x7a, 0x76, 0x1f, 0xbb, 0xfb, 0x75, 0x76,
  0xd1, 0xd1, 0x4c, 0x41, 0x4d, 0x45, 0x33, 0x2e, 0x31, 0x30, 0x31, 0x20,
  0x28, 0x62, 0x65, 0x74, 0x61, 0x20, 0x33, 0x29, 0x55, 0x55, 0x55, 0x55,
  0x55, 0x55, 0x55, 0x55, 0x55, 0x55, 0x55, 0x55, 0x55, 0x55, 0x55, 0x55,
  0x55, 0x55, 0x55, 0x55, 0x55, 0x55, 0x55, 0x55, 0x55, 0x55, 0x55, 0x55,
  0x55, 0x55, 0x55, 0x55, 0x55, 0x55, 0x55, 0x55, 0x55, 0x55, 0x55, 0x55,
  0x55, 0x55, 0x55, 0x55, 0x55, 0x55, 0x55, 0x55, 0x55, 0x55, 0x55, 0x55,
  0x55, 0x55, 0x55, 0x55, 0x55, 0x55, 0x55, 0x55, 0x55, 0x55, 0x55, 0x55,
  0x55, 0x55, 0x55, 0x55, 0x55, 0x55, 0x55, 0x55, 0x55, 0x55, 0x55, 0x55,
  0x55, 0x55, 0x55, 0x55, 0x55, 0x55, 0x55, 0x55, 0x55, 0x55, 0x55, 0x55,
  0x55, 0x55, 0x55, 0x55, 0x55, 0x55, 0x55, 0x55, 0x55, 0x55, 0x55, 0x55,
  0x55, 0x55, 0x55, 0x55, 0x55, 0x55, 0x55, 0x55, 0x55, 0x55, 0x55, 0x55,
  0x55, 0x55, 0x55, 0x55, 0x55, 0x55, 0x55, 0x55, 0x55, 0x55, 0x55, 0x55,
  0x55, 0x55, 0x55, 0x55, 0x55, 0x55, 0x55, 0x55, 0x55, 0x55, 0x55, 0x55,
  0x55, 0x55, 0x55, 0x55, 0x55, 0x55, 0x55, 0x55, 0x55, 0x55, 0x55, 0x55,
  0x55, 0x55, 0x55, 0x55, 0x55, 0x55, 0x55, 0x55, 0x55, 0x55, 0x55, 0x55,
  0x55, 0x55, 0x55, 0x55, 0x55, 0x55, 0x55, 0x55, 0x55, 0x55, 0x55, 0x55,
  0x55, 0x55, 0x55, 0x55, 0x55, 0x55, 0x55, 0x55, 0x55, 0x55, 0x55, 0x55,
  0x55, 0x55, 0x55, 0x55, 0x55, 0x55, 0x55, 0x55, 0x55, 0x55, 0x55, 0x55,
  0x55, 0x55, 0x55, 0x55, 0x55, 0x55, 0x55, 0x55, 0x55, 0x55, 0x55, 0x18,
  0x01, 0xa6, 0xfe, 0xb1, 0xb9, 0x1d, 0x4e, 0xe3, 0x02, 0xd8, 0x3a, 0xf0,
  0x40, 0x01, 0x65, 0x9e, 0x30, 0x04, 0x40, 0x08, 0x30, 0x13, 0x80, 0x4f,
  0x3b, 0x21, 0x12, 0x00, 0x3d, 0xff, 0xf3, 0xa2, 0xc4, 0x1e, 0x12, 0xe8,
  0x8e, 0x20, 0x52, 0xfe, 0xc4, 0x64, 0x61, 0x30, 0x84, 0x61, 0xa0, 0x55,
  0x9c, 0xf6, 0xc5, 0xc3, 0xa2, 0xf4, 0xd6, 0xe9, 0xc3, 0xea, 0xff, 0x62,
  0x7d, 0x16, 0x65, 0x92, 0x6b, 0xa9, 0x45, 0x58, 0x32, 0x77, 0x52, 0xbf,
  0x4f, 0xff, 0x7a, 0xd3, 0x4d, 0x5a, 0x3e, 0xfc, 0xa7, 0xb3, 0x57, 0x67,
  0x47, 0xfc, 0x67, 0x5a, 0x4c, 0x41, 0x4d, 0x45, 0x33, 0x2e, 0x31, 0x30,
  0x31, 0x20, 0x28, 0x62, 0x65, 0x74, 0x61, 0x20, 0x33, 0x29, 0xaa, 0xaa,
  0xaa, 0xaa, 0xaa, 0xaa, 0xaa, 0xaa, 0xaa, 0xaa, 0xaa, 0xaa, 0xaa, 0xaa,
  0xaa, 0xaa, 0xaa, 0xaa, 0xaa, 0xaa, 0xaa, 0xaa, 0xaa, 0xaa, 0xaa, 0xaa,
  0xaa, 0xaa, 0xaa, 0xaa, 0xaa, 0xaa, 0xaa, 0xaa, 0xaa, 0xaa, 0xaa, 0xaa,
  0xaa, 0xaa, 0xaa, 0xaa, 0xaa, 0xaa, 0xaa, 0xaa, 0xaa, 0xaa, 0xaa, 0xaa,
  0xaa, 0xaa, 0xaa, 0xaa, 0xaa, 0xaa, 0xaa, 0xaa, 0xaa, 0xaa, 0xaa, 0xaa,
  0xaa, 0xaa, 0xaa, 0xaa, 0xaa, 0xaa, 0xaa, 0xaa, 0xaa, 0xaa, 0xaa, 0xaa,
  0xaa, 0xaa, 0xaa, 0xaa, 0xaa, 0xaa, 0xaa, 0xaa, 0xaa, 0xaa, 0xaa, 0xaa,
  0xaa, 0xaa, 0xaa, 0xaa, 0xaa, 0xaa, 0xaa, 0xaa, 0xaa, 0xaa, 0xaa, 0xaa,
  0xaa, 0xaa, 0xaa, 0xaa, 0xaa, 0xaa, 0xaa, 0xaa, 0xaa, 0xaa, 0xaa, 0xaa,
  0xaa, 0xaa, 0xaa, 0xaa, 0xaa, 0xaa, 0xaa, 0xaa, 0xaa, 0xaa, 0xaa, 0xaa,
  0xaa, 0xaa, 0xaa, 0xaa, 0xaa, 0xaa, 0xaa, 0xaa, 0xaa, 0xaa, 0xaa, 0xaa,
  0xaa, 0xaa, 0xaa, 0xaa, 0xaa, 0xaa, 0xaa, 0xaa, 0xaa, 0xaa, 0xaa, 0xaa,
  0xaa, 0xaa, 0xaa, 0xaa, 0xaa, 0xaa, 0xaa, 0xaa, 0xaa, 0xaa, 0xaa, 0xaa,
  0xaa, 0xaa, 0xaa, 0xaa, 0xaa, 0xaa, 0xaa, 0xaa, 0xaa, 0xaa, 0xaa, 0xaa,
  0xaa, 0xaa, 0xaa, 0xaa, 0xaa, 0xaa, 0xaa, 0xaa, 0xaa, 0xaa, 0xaa, 0xaa,
  0xaa, 0xaa, 0xaa, 0xaa, 0xaa, 0xaa, 0xaa, 0xaa, 0xaa, 0xaa, 0xaa, 0xaa,
  0xaa, 0xaa, 0xaa, 0xaa, 0xaa, 0xaa, 0xaa, 0xaa, 0xcb, 0x1c, 0xae, 0xc1,
  0x44, 0x00, 0x00, 0x98, 0x21, 0xe2, 0x62, 0x18, 0x00, 0xa0, 0x0b, 0x18,
  0x00, 0x40, 0x04, 0x98, 0x03, 0x80, 0x0b, 0x98, 0x0d, 0xe0, 0x3e, 0x1f,
  0x27, 0x2c, 0xc4, 0x9c, 0x74, 0x48, 0x02, 0xff, 0xf3, 0xa0, 0xc4, 0x23,
  0x13, 0xe8, 0x92, 0x18, 0x00, 0xff, 0x0a, 0x64, 0x34, 0x87, 0x05, 0x93,
  0x35, 0xa9, 0x40, 0x80, 0x20, 0xd4, 0xeb, 0xeb, 0xe1, 0xcd, 0x97, 0xfe,
  0xbb, 0xaf, 0xfe, 0x75, 0x25, 0x3e, 0xcd, 0x3f, 0x7f, 0xce, 0x6f, 0x77,
  0xd7, 0x4a, 0xff, 0x9e, 0x93, 0x6e, 0x86, 0xd1, 0xb4, 0xc7, 0xdf, 0xb7,
  0xdf, 0x1f, 0xfd, 0x7f, 0x5d, 0x4c, 0x41, 0x4d, 0x45, 0x33, 0x2e, 0x31,
  0x30, 0x31, 0x20, 0x28, 0x62, 0x65, 0x74, 0x61, 0x20, 0x33, 0x29, 0x55,
  0x55, 0x55, 0x55, 0x55, 0x55, 0x55, 0x55, 0x55, 0x55, 0x55, 0x55, 0x55,
  0x55, 0x55, 0x55, 0x55, 0x55, 0x55, 0x55, 0x55, 0x55, 0x55, 0x55, 0x55,
  0x55, 0x55, 0x55, 0x55, 0x55, 0x55, 0x55, 0x55, 0x55, 0x55, 0x55, 0x55,
  0x55, 0x55, 0x55, 0x55, 0x55, 0x55, 0x55, 0x55, 0x55, 0x55, 0x55, 0x55,
  0x55, 0x55, 0x55, 0x55, 0x55, 0x55, 0x55, 0x55, 0x55, 0x55, 0x55, 0x55,
  0x55, 0x55, 0x55, 0x55, 0x55, 0x55, 0x55, 0x55, 0x55, 0x55, 0x55, 0x55,
  0x55, 0x55, 0x55, 0x55, 0x55, 0x55, 0x55, 0x55, 0x55, 0x55, 0x55, 0x55,
  0x55, 0x55, 0x55, 0x55, 0x55, 0x55, 0x55, 0x55, 0x55, 0x55, 0x55, 0x55,
  0x55, 0x55, 0x55, 0x55, 0x55, 0x55, 0x55, 0x55, 0x55, 0x55, 0x55, 0x55,
  0x55, 0x55, 0x55, 0x55, 0x55, 0x55, 0x55, 0x55, 0x55, 0x55, 0x55, 0x55,
  0x55, 0x55, 0x55, 0x55, 0x55, 0x55, 0x55, 0x55, 0x55, 0x55, 0x55, 0x55,
  0x55, 0x55, 0x55, 0x55, 0x55, 0x55, 0x55, 0x55, 0x55, 0x55, 0x55, 0x55,
  0x55, 0x55, 0x55, 0x55, 0x55, 0x55, 0x55, 0x55, 0x55, 0x55, 0x55, 0x55,
  0x55, 0x55, 0x55, 0x55, 0x55, 0x55, 0x55, 0x55, 0x55, 0x55, 0x55, 0x55,
  0x55, 0x55, 0x55, 0x55, 0x55, 0x55, 0x55, 0x55, 0x55, 0x55, 0x55, 0x55,
  0x55, 0x55, 0x55, 0x55, 0x55, 0x55, 0x55, 0x55, 0x55, 0x55, 0x55, 0x55,
  0x55, 0x55, 0x55, 0x55, 0x55, 0x55, 0x55, 0x55, 0x55, 0x55, 0x55, 0x55,
  0xde, 0xae, 0xd6, 0x82, 0x48, 0x40, 0x00, 0x30, 0x49, 0x84, 0xb7, 0x30,
  0x01, 0x80, 0x17, 0x30, 0x01, 0x40, 0x08, 0x30, 0x07, 0xc0, 0x18, 0x30,
  0x1b, 0x00, 0x87, 0x3e, 0x26, 0x9b, 0x9a, 0x38, 0xff, 0xf3, 0xa2, 0xc4,
  0x20, 0x13, 0x78, 0x8e, 0x18, 0x00, 0xff, 0x0a, 0x64, 0xc0, 0xac, 0xc6,
  0xa0, 0x00, 0xe0, 0xaa, 0x67, 0x34, 0x18, 0xb8, 0x4c, 0x61, 0x5f, 0x4f,
  0xb6, 0xc2, 0x7b, 0xd1, 0xfc, 0xf2, 0x68, 0xfd, 0x25, 0x90, 0x2f, 0xf5,
  0xf7, 0x7a, 0x7f, 0xf7, 0xfe, 0xab, 0xed, 0xf2, 0xb2, 0xdf, 0xab, 0xdf,
  0xaa, 0xad, 0x7a, 0x3d, 0x8e, 0xdc, 0x2a, 0x4c, 0x41, 0x4d, 0x45, 0x33,
  0x2e, 0x31, 0x30, 0x31, 0x20, 0x28, 0x62, 0x65, 0x74, 0x61, 0x20, 0x33,
  0x29, 0xaa, 0xaa, 0xaa, 0xaa, 0xaa, 0xaa, 0xaa, 0xaa, 0xaa, 0xaa, 0xaa,
  0xaa, 0xaa, 0xaa, 0xaa, 0xaa, 0xaa, 0xaa, 0xaa, 0xaa, 0xaa, 0xaa, 0xaa,
  0xaa, 0xaa, 0xaa, 0xaa, 0xaa, 0xaa, 0xaa, 0xaa, 0xaa, 0xaa, 0xaa, 0xaa,
  0xaa, 0xaa, 0xaa, 0xaa, 0xaa, 0xaa, 0xaa, 0xaa, 0xaa, 0xaa, 0xaa, 0xaa,
  0xaa, 0xaa, 0xaa, 0xaa, 0xaa, 0xaa, 0xaa, 0xaa, 0xaa, 0xaa, 0xaa, 0xaa,
  0xaa, 0xaa, 0xaa, 0xaa, 0xaa, 0xaa, 0xaa, 0xaa, 0xaa, 0xaa, 0xaa, 0xaa,
  0xaa, 0xaa, 0xaa, 0xaa, 0xaa, 0xaa, 0xaa, 0xaa, 0xaa, 0xaa, 0xaa, 0xaa,
  0xaa, 0xaa, 0xaa, 0xaa, 0xaa, 0xaa, 0xaa, 0xaa, 0xaa, 0xaa, 0xaa, 0xaa,
  0xaa, 0xaa, 0xaa, 0xaa, 0xaa, 0xaa, 0xaa, 0xaa, 0xaa, 0xaa, 0xaa, 0xaa,
  0xaa, 0xaa, 0xaa, 0xaa, 0xaa, 0xaa, 0xaa, 0xaa, 0xaa, 0xaa, 0xaa, 0xaa,
  0xaa, 0xaa, 0xaa, 0xaa, 0xaa, 0xaa, 0xaa, 0xaa, 0xaa, 0xaa, 0xaa, 0xaa,
  0xaa, 0xaa, 0xaa, 0xaa, 0xaa, 0xaa, 0xaa, 0xaa, 0xaa, 0xaa, 0xaa, 0xaa,
  0xaa, 0xaa, 0xaa, 0xaa, 0xaa, 0xaa, 0xaa, 0xaa, 0xaa, 0xaa, 0xaa, 0xaa,
  0xaa, 0xaa, 0xaa, 0xaa, 0xaa, 0xaa, 0xaa, 0xaa, 0xaa, 0xaa, 0xaa, 0xaa,
  0xaa, 0xaa, 0xaa, 0xaa, 0xaa, 0xaa, 0xaa, 0xaa, 0xaa, 0xaa, 0xaa, 0xaa,
  0xaa, 0xaa, 0xaa, 0xaa, 0xaa, 0xaa, 0xaa, 0xaa, 0xcb, 0x1a, 0xd3, 0x30,
  0x10, 0xe0, 0x00, 0x66, 0x0b, 0x68, 0xaa, 0x06, 0x00, 0x78, 0x03, 0xc6,
  0x00, 0x50, 0x01, 0xe6, 0x01, 0x30, 0x04, 0xa6, 0x03, 0xf8, 0x15, 0x47,
  0xfd, 0xac, 0x36, 0xe7, 0x41, 0x1c, 0x18, 0xf8, 0x0e, 0x10, 0x22, 0x42,
  0x16, 0x2d, 0x02, 0x4a, 0x2a, 0xe5, 0xfa, 0xaf, 0x5e, 0xe1, 0xff, 0xf3,
  0xa0, 0xc4, 0x32, 0x17, 0xa9, 0x46, 0x14, 0x00, 0xff, 0x04, 0x68, 0x3e,
  0xf7, 0xff, 0xb3, 0xee, 0x16, 0xbf, 0x4d, 0x92, 0xc9, 0xf2, 0x46, 0x59,
  0xeb, 0xb5, 0xa9, 0x9b, 0xfa, 0x7b, 0xd3, 0x1d, 0xa9, 0x9e, 0x96, 0xea,
  0x45, 0x6b, 0x66, 0x9a, 0x18, 0x6a, 0x11, 0xe8, 0xbd, 0x07, 0x35, 0x76,
  0xb5, 0x16, 0x4a, 0xd3, 0xee, 0xff, 0xbc, 0xbd, 0x4c, 0x41, 0x4d, 0x45,
  0x33, 0x2e, 0x31, 0x30, 0x31, 0x20, 0x28, 0x62, 0x65, 0x74, 0x61, 0x20,
  0x33, 0x29, 0x55, 0x55, 0x55, 0x55, 0x55, 0x55, 0x55, 0x55, 0x55, 0x55,
  0x55, 0x55, 0x55, 0x55, 0x55, 0x55, 0x55, 0x55, 0x55, 0x55, 0x55, 0x55,
  0x55, 0x55, 0x55, 0x55, 0x55, 0x55, 0x55, 0x55, 0x55, 0x55, 0x55, 0x55,
  0x55, 0x55, 0x55, 0x55, 0x55, 0x55, 0x55, 0x55, 0x55, 0x55, 0x55, 0x55,
  0x55, 0x55, 0x55, 0x55, 0x55, 0x55, 0x55, 0x55, 0x55, 0x55, 0x55, 0x55,
  0x55, 0x55, 0x55, 0x55, 0x55, 0x55, 0x55, 0x55, 0x55, 0x55, 0x55, 0x55,
  0x55, 0x55, 0x55, 0x55, 0x55, 0x55, 0x55, 0x55, 0x55, 0x55, 0x55, 0x55,
  0x55, 0x55, 0x55, 0x55, 0x55, 0x55, 0x55, 0x55, 0x55, 0x55, 0x55, 0x55,
  0x55, 0x55, 0x55, 0x55, 0x55, 0x55, 0x55, 0x55, 0x55, 0x55, 0x55, 0x55,
  0x55, 0x55, 0x55, 0x55, 0x55, 0x55, 0x55, 0x55, 0x55, 0x55, 0x55, 0x55,
  0x55, 0x55, 0x55, 0x55, 0x55, 0x55, 0x55, 0x55, 0x55, 0x55, 0x55, 0x55,
  0x55, 0x55, 0x55, 0x55, 0x55, 0x55, 0x55, 0x55, 0x55, 0x55, 0x55, 0x55,
  0x55, 0x55, 0x55, 0x55, 0x55, 0x55, 0x55, 0x55, 0x55, 0x55, 0x55, 0x55,
  0x55, 0x55, 0x55, 0x55, 0x55, 0x55, 0x55, 0x55, 0x55, 0x55, 0x55, 0x55,
  0x55, 0x55, 0x55, 0x55, 0x55, 0x55, 0x55, 0x55, 0x55, 0x55, 0x55, 0x55,
  0x55, 0x55, 0x55, 0x55, 0x55, 0x55, 0x55, 0x55, 0x55, 0x55, 0x55, 0x55,
  0xc7, 0x2d, 0xcd, 0x40, 0x23, 0x20, 0x01, 0x18, 0x30, 0xc2, 0x9f, 0x98,
  0x02, 0x00, 0x0e, 0x98, 0x01, 0xa0, 0x07, 0x18, 0x04, 0xe0, 0x13, 0x18,
  0x0f, 0xc0, 0x5b, 0x9f, 0xdb, 0x91, 0xf2, 0x1c, 0xf0, 0x7e, 0x63, 0xd0,
  0x40, 0x38, 0x42, 0x81, 0xcc, 0xd6, 0x07, 0x09, 0x84, 0x8a, 0xfa, 0xff,
  0xf3, 0xa2, 0xc4, 0x2f, 0x17, 0x30, 0xea, 0x14, 0x00, 0xff, 0x0a, 0x64,
  0x79, 0x89, 0xb0, 0x4f, 0x7c, 0xd6, 0xf6, 0xfa, 0x71, 0x2f, 0xab, 0x75,
  0xaf, 0x7b, 0xfa, 0xbc, 0x41, 0xd9, 0xfb, 0x9b, 0xad, 0x75, 0xfa, 0x29,
  0x77, 0x62, 0x9a, 0x1b, 0x9f, 0xb6, 0x29, 0x84, 0x35, 0x2d, 0x7b, 0x27,
  0xd4, 0x8b, 0xaf, 0x4b, 0xea, 0x45, 0x8c, 0x53, 0x13, 0xb1, 0x4c, 0x41,
  0x4d, 0x45, 0x33, 0x2e, 0x31, 0x30, 0x31, 0x20, 0x28, 0x62, 0x65, 0x74,
  0x61, 0x20, 0x33, 0x29, 0x55, 0x55, 0x55, 0x55, 0x55, 0x55, 0x55, 0x55,
  0x55, 0x55, 0x55, 0x55, 0x55, 0x55, 0x55, 0x55, 0x55, 0x55, 0x55, 0x55,
  0x55, 0x55, 0x55, 0x55, 0x55, 0x55, 0x55, 0x55, 0x55, 0x55, 0x55, 0x55,
  0x55, 0x55, 0x55, 0x55, 0x55, 0x55, 0x55, 0x55, 0x55, 0x55, 0x55, 0x55,
  0x55, 0x55, 0x55, 0x55, 0x55, 0x55, 0x55, 0x55, 0x55, 0x55, 0x55, 0x55,
  0x55, 0x55, 0x55, 0x55, 0x55, 0x55, 0x55, 0x55, 0x55, 0x55, 0x55, 0x55,
  0x55, 0x55, 0x55, 0x55, 0x55, 0x55, 0x55, 0x55, 0x55, 0x55, 0x55, 0x55,
  0x55, 0x55, 0x55, 0x55, 0x55, 0x55, 0x55, 0x55, 0x55, 0x55, 0x55, 0x55,
  0x55, 0x55, 0x55, 0x55, 0x55, 0x55, 0x55, 0x55, 0x55, 0x55, 0x55, 0x55,
  0x55, 0x55, 0x55, 0x55, 0x55, 0x55, 0x55, 0x55, 0x55, 0x55, 0x55, 0x55,
  0x55, 0x55, 0x55, 0x55, 0x55, 0x55, 0x55, 0x55, 0x55, 0x55, 0x55, 0x55,
  0x55, 0x55, 0x55, 0x55, 0x55, 0x55, 0x55, 0x55, 0x55, 0x55, 0x55, 0x55,
  0x55, 0x55, 0x55, 0x55, 0x55, 0x55, 0x55, 0x55, 0x55, 0x55, 0x55, 0x55,
  0x55, 0x55, 0x55, 0x55, 0x55, 0x55, 0x55, 0x55, 0x55, 0x55, 0x55, 0x55,
  0x55, 0x55, 0x55, 0x55, 0x55, 0x55, 0x55, 0x55, 0x55, 0x55, 0x55, 0x55,
  0x55, 0x55, 0x55, 0x55, 0x55, 0x55, 0x55, 0x55, 0x55, 0x55, 0x55, 0xcb,
  0x1c, 0xa6, 0x60, 0x21, 0x80, 0x00, 0xcc, 0x19, 0xf1, 0x4a, 0x8c, 0x01,
  0x30, 0x07, 0x0c, 0x00, 0xc0, 0x03, 0xcc, 0x02, 0x60, 0x0a, 0x4c, 0x07,
  0xd0, 0x30, 0x8f, 0xdf, 0x19, 0x7f, 0x4e, 0x6e, 0x44, 0x31, 0xe0, 0x2c,
  0x1c, 0x1e, 0x42, 0x96, 0x6d, 0x02, 0x04, 0x04, 0x4c, 0xba, 0xfe, 0xf5,
  0x0a, 0xff, 0xf3, 0xa0, 0xc4, 0x32, 0x17, 0xa9, 0x46, 0x14, 0x00, 0xff,
  0x0a, 0x64, 0xee, 0xdb, 0xff, 0xef, 0xcb, 0xf9, 0x9b, 0x5f, 0xfe, 0x28,
  0xb1, 0x53, 0x5d, 0xca, 0x9b, 0xb7, 0xd0, 0xef, 0x2c, 0xe7, 0xd1, 0x6b,
  0x6b, 0xd4, 0xf6, 0x5d, 0xc5, 0x8b, 0x4a, 0x2f, 0x14, 0x3a, 0x84, 0xeb,
  0x5f, 0xcd, 0x2a, 0xa7, 0xea, 0xcd, 0x9d, 0xfe, 0xdf, 0xb4, 0x9a, 0x4c,
  0x41, 0x4d, 0x45, 0x33, 0x2e, 0x31, 0x30, 0x31, 0x20, 0x28, 0x62, 0x65,
  0x74, 0x61, 0x20, 0x33, 0x29, 0xaa, 0xaa, 0xaa, 0xaa, 0xaa, 0xaa, 0xaa,
  0xaa, 0xaa, 0xaa, 0xaa, 0xaa, 0xaa, 0xaa, 0xaa, 0xaa, 0xaa, 0xaa, 0xaa,
  0xaa, 0xaa, 0xaa, 0xaa, 0xaa, 0xaa, 0xaa, 0xaa, 0xaa, 0xaa, 0xaa, 0xaa,
  0xaa, 0xaa, 0xaa, 0xaa, 0xaa, 0xaa, 0xaa, 0xaa, 0xaa, 0xaa, 0xaa, 0xaa,
  0xaa, 0xaa, 0xaa, 0xaa, 0xaa, 0xaa, 0xaa, 0xaa, 0xaa, 0xaa, 0xaa, 0xaa,
  0xaa, 0xaa, 0xaa, 0xaa, 0xaa, 0xaa, 0xaa, 0xaa, 0xaa, 0xaa, 0xaa, 0xaa,
  0xaa, 0xaa, 0xaa, 0xaa, 0xaa, 0xaa, 0xaa, 0xaa, 0xaa, 0xaa, 0xaa, 0xaa,
  0xaa, 0xaa, 0xaa, 0xaa, 0xaa, 0xaa, 0xaa, 0xaa, 0xaa, 0xaa, 0xaa, 0xaa,
  0xaa, 0xaa, 0xaa, 0xaa, 0xaa, 0xaa, 0xaa, 0xaa, 0xaa, 0xaa, 0xaa, 0xaa,
  0xaa, 0xaa, 0xaa, 0xaa, 0xaa, 0xaa, 0xaa, 0xaa, 0xaa, 0xaa, 0xaa, 0xaa,
  0xaa, 0xaa, 0xaa, 0xaa, 0xaa, 0xaa, 0xaa, 0xaa, 0xaa, 0xaa, 0xaa, 0xaa,
  0xaa, 0xaa, 0xaa, 0xaa, 0xaa, 0xaa, 0xaa, 0xaa, 0xaa, 0xaa, 0xaa, 0xaa,
  0xaa, 0xaa, 0xaa, 0xaa, 0xaa, 0xaa, 0xaa, 0xaa, 0xaa, 0xaa, 0xaa, 0xaa,
  0xaa, 0xaa, 0xaa, 0xaa, 0xaa, 0xaa, 0xaa, 0xaa, 0xaa, 0xaa, 0xaa, 0xaa,
  0xaa, 0xaa, 0xaa, 0xaa, 0xaa, 0xaa, 0xaa, 0xaa, 0xaa, 0xaa, 0xaa, 0xaa,
  0xaa, 0xaa, 0xaa, 0xaa, 0xaa, 0xaa, 0xaa, 0xaa, 0xaa, 0xaa, 0xaa, 0xaa,
  0xaa, 0xaa, 0xaa, 0xaa, 0xaa, 0xaa, 0xaa, 0xaa, 0xaa, 0xaa, 0xaa, 0xaa,
  0xaa, 0xaa, 0xaa, 0xaa, 0xaa, 0xaa, 0xaa, 0xaa, 0xaa, 0xaa, 0xaa, 0xaa,
  0xaa, 0xaa, 0xaa, 0x80, 0x44, 0x10, 0x6e, 0x3b, 0xbf, 0xff, 0x7a, 0xaa,
  0xf1, 0x1a, 0x7b, 0xf6, 0x5f, 0xd4, 0xc6, 0x2c, 0x91, 0x80, 0x3c, 0x02,
  0x09, 0xb0, 0xff, 0xf3, 0xa2, 0xc4, 0x17, 0x11, 0x28, 0x4e, 0x31, 0x1c,
  0xe7, 0xf4, 0x40, 0xf0, 0x80, 0x51, 0xe8, 0x16, 0x1c, 0x39, 0x6a, 0xbf,
  0x53, 0xb7, 0xf6, 0xcb, 0x31, 0x5a, 0xfa, 0x3f, 0xbd, 0x5e, 0xce, 0x82,
  0xe8, 0xb7, 0x84, 0x97, 0x6d, 0x9f, 0xfa, 0x3f, 0xfa, 0xa7, 0x28, 0xaf,
  0x5f, 0xfa, 0xbd, 0xda, 0xab, 0xd4, 0x9a, 0x7f, 0xde, 0x3e, 0xda, 0xff,
  0x55, 0x4c, 0x41, 0x4d, 0x45, 0x33, 0x2e, 0x31, 0x30, 0x31, 0x20, 0x28,
  0x62, 0x65, 0x74, 0x61, 0x20, 0x33, 0x29, 0x55, 0x55, 0x55, 0x55, 0x55,
  0x55, 0x55, 0x55, 0x55, 0x55, 0x55, 0x55, 0x55, 0x55, 0x55, 0x55, 0x55,
  0x55, 0x55, 0x55, 0x55, 0x55, 0x55, 0x55, 0x55, 0x55, 0x55, 0x55, 0x55,
  0x55, 0x55, 0x55, 0x55, 0x55, 0x55, 0x55, 0x55, 0x55, 0x55, 0x55, 0x55,
  0x55, 0x55, 0x55, 0x55, 0x55, 0x55, 0x55, 0x55, 0x55, 0x55, 0x55, 0x55,
  0x55, 0x55, 0x55, 0x55, 0x55, 0x55, 0x55, 0x55, 0x55, 0x55, 0x55, 0x55,
  0x55, 0x55, 0x55, 0x55, 0x55, 0x55, 0x55, 0x55, 0x55, 0x55, 0x55, 0x55,
  0x55, 0x55, 0x55, 0x55, 0x55, 0x55, 0x55, 0x55, 0x55, 0x55, 0x55, 0x55,
  0x55, 0x55, 0x55, 0x55, 0x55, 0x55, 0x55, 0x55, 0x55, 0x55, 0x55, 0x55,
  0x55, 0x55, 0x55, 0x55, 0x55, 0x55, 0x55, 0x55, 0x55, 0x55, 0x55, 0x55,
  0x55, 0x55, 0x55, 0x55, 0x55, 0x55, 0x55, 0x55, 0x55, 0x55, 0x55, 0x55,
  0x55, 0x55, 0x55, 0x55, 0x55, 0x55, 0x55, 0x55, 0x55, 0x55, 0x55, 0x55,
  0x55, 0x55, 0x55, 0x55, 0x55, 0x55, 0x55, 0x55, 0x55, 0x55, 0x55, 0x55,
  0x55, 0x55, 0x55, 0x55, 0x55, 0x55, 0x55, 0x55, 0x55, 0x55, 0x55, 0x55,
  0x55, 0x55, 0x55, 0x55, 0x55, 0x55, 0x55, 0x55, 0x55, 0x55, 0x55, 0x55,
  0x55, 0x55, 0x55, 0x55, 0x55, 0x55, 0x55, 0x55, 0x55, 0x55, 0x55, 0x55,
  0x55, 0x55, 0x55, 0x55, 0xca, 0xae, 0x55, 0x60, 0x21, 0x80, 0x00, 0x4c,
  0x1c, 0xf1, 0x3f, 0x8c, 0x01, 0x90, 0x06, 0x8c, 0x00, 0xe0, 0x03, 0xcc,
  0x02, 0x60, 0x0b, 0x4c, 0x07, 0x90, 0x36, 0x0f, 0xbe, 0x1a, 0x7c, 0xce,
  0x5a, 0x4c, 0x31, 0xd0, 0x3c, 0x14, 0x1e, 0x42, 0x96, 0x6d, 0x20, 0x08,
  0x08, 0x9b, 0xfd, 0x7a, 0xff, 0xf3, 0xa0, 0xc4, 0x30, 0x17, 0x28, 0xee,
  0x14, 0x00, 0xff, 0x0a, 0x64, 0x84, 0xbd, 0x37, 0xff, 0xb3, 0xec, 0x2b,
  0x21, 0xb5, 0xa2, 0x8b, 0x17, 0x97, 0x29, 0xdd, 0xc6, 0x22, 0x28, 0xde,
  0x2d, 0xe9, 0x99, 0xd5, 0xb7, 0x17, 0x6e, 0xa4, 0xee, 0x7e, 0x9d, 0x8c,
  0x8a, 0xe9, 0x5d, 0xe6, 0xdf, 0xdd, 0xb5, 0x98, 0xb2, 0x97, 0x4f, 0xbf,
  0xff, 0x52, 0x4c, 0x41, 0x4d, 0x45, 0x33, 0x2e, 0x31, 0x30, 0x31, 0x20,
  0x28, 0x62, 0x65, 0x74, 0x61, 0x20, 0x33, 0x29, 0xaa, 0xaa, 0xaa, 0xaa,
  0xaa, 0xaa, 0xaa, 0xaa, 0xaa, 0xaa, 0xaa, 0xaa, 0xaa, 0xaa, 0xaa, 0xaa,
  0xaa, 0xaa, 0xaa, 0xaa, 0xaa, 0xaa, 0xaa, 0xaa, 0xaa, 0xaa, 0xaa, 0xaa,
  0xaa, 0xaa, 0xaa, 0xaa, 0xaa, 0xaa, 0xaa, 0xaa, 0xaa, 0xaa, 0xaa, 0xaa,
  0xaa, 0xaa, 0xaa, 0xaa, 0xaa, 0xaa, 0xaa, 0xaa, 0xaa, 0xaa, 0xaa, 0xaa,
  0xaa, 0xaa, 0xaa, 0xaa, 0xaa, 0xaa, 0xaa, 0xaa, 0xaa, 0xaa, 0xaa, 0xaa,
  0xaa, 0xaa, 0xaa, 0xaa, 0xaa, 0xaa, 0xaa, 0xaa, 0xaa, 0xaa, 0xaa, 0xaa,
  0xaa, 0xaa, 0xaa, 0xaa, 0xaa, 0xaa, 0xaa, 0xaa, 0xaa, 0xaa, 0xaa, 0xaa,
  0xaa, 0xaa, 0xaa, 0xaa, 0xaa, 0xaa, 0xaa, 0xaa, 0xaa, 0xaa, 0xaa, 0xaa,
  0xaa, 0xaa, 0xaa, 0xaa, 0xaa, 0xaa, 0xaa, 0xaa, 0xaa, 0xaa, 0xaa, 0xaa,
  0xaa, 0xaa, 0xaa, 0xaa, 0xaa, 0xaa, 0xaa, 0xaa, 0xaa, 0xaa, 0xaa, 0xaa,
  0xaa, 0xaa, 0xaa, 0xaa, 0xaa, 0xaa, 0xaa, 0xaa, 0xaa, 0xaa, 0xaa, 0xaa,
  0xaa, 0xaa, 0xaa, 0xaa, 0xaa, 0xaa, 0xaa, 0xaa, 0xaa, 0xaa, 0xaa, 0xaa,
  0xaa, 0xaa, 0xaa, 0xaa, 0xaa, 0xaa, 0xaa, 0xaa, 0xaa, 0xaa, 0xaa, 0xaa,
  0xaa, 0xaa, 0xaa, 0xaa, 0xaa, 0xaa, 0xaa, 0xaa, 0xaa, 0xaa, 0xaa, 0xaa,
  0xaa, 0xaa, 0xaa, 0xaa, 0xaa, 0xaa, 0xaa, 0xaa, 0xaa, 0xaa, 0xaa, 0xaa,
  0xaa, 0xaa, 0xaa, 0xaa, 0xaa, 0xc7, 0x2c, 0x69, 0xa0, 0x11, 0x50, 0x00,
  0x0c, 0x1e, 0x21, 0x39, 0x4c, 0x01, 0xa0, 0x06, 0xcc, 0x01, 0x10, 0x03,
  0x8c, 0x02, 0x70, 0x0b, 0x8c, 0x07, 0x40, 0x38, 0xcf, 0xab, 0xca, 0xf4,
  0x0e, 0x4c, 0x51, 0x31, 0xc8, 0x40, 0x0c, 0x19, 0x47, 0x26, 0x4b, 0x23,
  0x1a, 0x24, 0x5e, 0xdd, 0x51, 0xff, 0xf3, 0xa2, 0xc4, 0x30, 0x17, 0x48,
  0xea, 0x14, 0x00, 0xff, 0x0a, 0x64, 0x77, 0x08, 0xfc, 0xd6, 0xf5, 0xff,
  0x8b, 0x5b, 0xff, 0x3e, 0x57, 0xd0, 0xd6, 0xae, 0xaa, 0x2c, 0xeb, 0x5e,
  0xed, 0xa9, 0x18, 0xbf, 0xb9, 0x8f, 0xba, 0xcb, 0x09, 0xdd, 0x62, 0x2d,
  0x9c, 0xd8, 0x85, 0xe5, 0x27, 0x15, 0x20, 0xeb, 0x92, 0xf5, 0x29, 0x3d,
  0x2c, 0xdf, 0xf4, 0x55, 0x4c, 0x41, 0x4d, 0x45, 0x33, 0x2e, 0x31, 0x30,
  0x31, 0x20, 0x28, 0x62, 0x65, 0x74, 0x61, 0x20, 0x33, 0x29, 0x55, 0x55,
  0x55, 0x55, 0x55, 0x55, 0x55, 0x55, 0x55, 0x55, 0x55, 0x55, 0x55, 0x55,
  0x55, 0x55, 0x55, 0x55, 0x55, 0x55, 0x55, 0x55, 0x55, 0x55, 0x55, 0x55,
  0x55, 0x55, 0x55, 0x55, 0x55, 0x55, 0x55, 0x55, 0x55, 0x55, 0x55, 0x55,
  0x55, 0x55, 0x55, 0x55, 0x55, 0x55, 0x55, 0x55, 0x55, 0x55, 0x55, 0x55,
  0x55, 0x55, 0x55, 0x55, 0x55, 0x55, 0x55, 0x55, 0x55, 0x55, 0x55, 0x55,
  0x55, 0x55, 0x55, 0x55, 0x55, 0x55, 0x55, 0x55, 0x55, 0x55, 0x55, 0x55,
  0x55, 0x55, 0x55, 0x55, 0x55, 0x55, 0x55, 0x55, 0x55, 0x55, 0x55, 0x55,
  0x55, 0x55, 0x55, 0x55, 0x55, 0x55, 0x55, 0x55, 0x55, 0x55, 0x55, 0x55,
  0x55, 0x55, 0x55, 0x55, 0x55, 0x55, 0x55, 0x55, 0x55, 0x55, 0x55, 0x55,
  0x55, 0x55, 0x55, 0x55, 0x55, 0x55, 0x55, 0x55, 0x55, 0x55, 0x55, 0x55,
  0x55, 0x55, 0x55, 0x55, 0x55, 0x55, 0x55, 0x55, 0x55, 0x55, 0x55, 0x55,
  0x55, 0x55, 0x55, 0x55, 0x55, 0x55, 0x55, 0x55, 0x55, 0x55, 0x55, 0x55,
  0x55, 0x55, 0x55, 0x55, 0x55, 0x55, 0x55, 0x55, 0x55, 0x55, 0x55, 0x55,
  0x55, 0x55, 0x55, 0x55, 0x55, 0x55, 0x55, 0x55, 0x55, 0x55, 0x55, 0x55,
  0x55, 0x55, 0x55, 0x55, 0x55, 0x55, 0x55, 0x55, 0x55, 0x55, 0x55, 0x55,
  0x55, 0x55, 0x55, 0x55, 0x55, 0x55, 0x55, 0xcb, 0x79, 0x55, 0x7d, 0x85,
  0x00, 0x01, 0x30, 0x7e, 0x44, 0xca, 0x30, 0x07, 0x40, 0x18, 0x30, 0x04,
  0x00, 0x0f, 0x30, 0x09, 0x80, 0x31, 0x30, 0x1c, 0xc0, 0xec, 0x3e, 0x61,
  0xed, 0x9b, 0x38, 0xf9, 0x50, 0xc6, 0xc1, 0x30, 0x30, 0x69, 0x1c, 0x59,
  0x34, 0x98, 0x40, 0x05, 0x33, 0x3f, 0xff, 0xff, 0xf3, 0xa0, 0xc4, 0x30,
  0x17, 0x29, 0x4a, 0x14, 0x00, 0xff, 0x0a, 0x64, 0x09, 0x6c, 0x53, 0x7a,
  0x7f, 0xbf, 0x1d, 0xed, 0x4e, 0x5f, 0xfe, 0x32, 0x60, 0x57, 0xa1, 0xac,
  0x74, 0xc7, 0xdf, 0xf0, 0xf5, 0x8e, 0x6d, 0x7b, 0x76, 0x15, 0xa3, 0xaa,
  0xfb, 0xdb, 0x88, 0xdd, 0x37, 0xcf, 0x7b, 0x9f, 0x62, 0x3b, 0x1d, 0x12,
  0xd9, 0x7f, 0x2a, 0xff, 0x5a, 0x4c, 0x41, 0x4d, 0x45, 0x33, 0x2e, 0x31,
  0x30, 0x31, 0x20, 0x28, 0x62, 0x65, 0x74, 0x61, 0x20, 0x33, 0x29, 0xaa,
  0xaa, 0xaa, 0xaa, 0xaa, 0xaa, 0xaa, 0xaa, 0xaa, 0xaa, 0xaa, 0xaa, 0xaa,
  0xaa, 0xaa, 0xaa, 0xaa, 0xaa, 0xaa, 0xaa, 0xaa, 0xaa, 0xaa, 0xaa, 0xaa,
  0xaa, 0xaa, 0xaa, 0xaa, 0xaa, 0xaa, 0xaa, 0xaa, 0xaa, 0xaa, 0xaa, 0xaa,
  0xaa, 0xaa, 0xaa, 0xaa, 0xaa, 0xaa, 0xaa, 0xaa, 0xaa, 0xaa, 0xaa, 0xaa,
  0xaa, 0xaa, 0xaa, 0xaa, 0xaa, 0xaa, 0xaa, 0xaa, 0xaa, 0xaa, 0xaa, 0xaa,
  0xaa, 0xaa, 0xaa, 0xaa, 0xaa, 0xaa, 0xaa, 0xaa, 0xaa, 0xaa, 0xaa, 0xaa,
  0xaa, 0xaa, 0xaa, 0xaa, 0xaa, 0xaa, 0xaa, 0xaa, 0xaa, 0xaa, 0xaa, 0xaa,
  0xaa, 0xaa, 0xaa, 0xaa, 0xaa, 0xaa, 0xaa, 0xaa, 0xaa, 0xaa, 0xaa, 0xaa,
  0xaa, 0xaa, 0xaa, 0xaa, 0xaa, 0xaa, 0xaa, 0xaa, 0xaa, 0xaa, 0xaa, 0xaa,
  0xaa, 0xaa, 0xaa, 0xaa, 0xaa, 0xaa, 0xaa, 0xaa, 0xaa, 0xaa, 0xaa, 0xaa,
  0xaa, 0xaa, 0xaa, 0xaa, 0xaa, 0xaa, 0xaa, 0xaa, 0xaa, 0xaa, 0xaa, 0xaa,
  0xaa, 0xaa, 0xaa, 0xaa, 0xaa, 0xaa, 0xaa, 0xaa, 0xaa, 0xaa, 0xaa, 0xaa,
  0xaa, 0xaa, 0xaa, 0xaa, 0xaa, 0xaa, 0xaa, 0xaa, 0xaa, 0xaa, 0xaa, 0xaa,
  0xaa, 0xaa, 0xaa, 0xaa, 0xaa, 0xaa, 0xaa, 0xaa, 0xaa, 0xaa, 0xaa, 0xaa,
  0xaa, 0xaa, 0xaa, 0xaa, 0xaa, 0xaa, 0xaa, 0xaa, 0xaa, 0xaa, 0xaa, 0xaa,
  0xaa, 0xaa, 0xaa, 0xaa, 0xaa, 0xaa, 0xaa, 0xaa, 0xaa, 0xaa, 0xaa, 0xe6,
  0x55, 0x69, 0x9f, 0x54, 0x11, 0x18, 0x41, 0x82, 0x57, 0x98, 0x03, 0xc0,
  0x0c, 0x98, 0x02, 0x60, 0x07, 0x18, 0x04, 0xe0, 0x19, 0x18, 0x0e, 0x00,
  0x7b, 0x9f, 0x07, 0x97, 0xa9, 0x1c, 0x60, 0xb2, 0x63, 0x50, 0x90, 0x08,
  0x2a, 0x86, 0xcd, 0x36, 0x4f, 0x56, 0x9a, 0xce, 0xff, 0xf3, 0xa2, 0xc4,
  0x2d, 0x16, 0x88, 0xee, 0x14, 0x00, 0xff, 0x0a, 0x68, 0xbf, 0xa3, 0xee,
  0x11, 0xf6, 0x25, 0xba, 0xff, 0x5b, 0x8b, 0xcb, 0xec, 0xb2, 0x99, 0x71,
  0x7b, 0xbd, 0x0b, 0xb6, 0xff, 0xe7, 0x51, 0x57, 0xbb, 0xf0, 0x32, 0xdb,
  0x45, 0x79, 0x5a, 0x21, 0x79, 0x61, 0x4a, 0x37, 0x35, 0xfe, 0x2c, 0xb2,
  0x03, 0xf4, 0x7e, 0xb5, 0xc7, 0xf5, 0x55, 0x4c, 0x41, 0x4d, 0x45, 0x33,
  0x2e, 0x31, 0x30, 0x31, 0x20, 0x28, 0x62, 0x65, 0x74, 0x61, 0x20, 0x33,
  0x29, 0x55, 0x55, 0x55, 0x55, 0x55, 0x55, 0x55, 0x55, 0x55, 0x55, 0x55,
  0x55, 0x55, 0x55, 0x55, 0x55, 0x55, 0x55, 0x55, 0x55, 0x55, 0x55, 0x55,
  0x55, 0x55, 0x55, 0x55, 0x55, 0x55, 0x55, 0x55, 0x55, 0x55, 0x55, 0x55,
  0x55, 0x55, 0x55, 0x55, 0x55, 0x55, 0x55, 0x55, 0x55, 0x55, 0x55, 0x55,
  0x55, 0x55, 0x55, 0x55, 0x55, 0x55, 0x55, 0x55, 0x55, 0x55, 0x55, 0x55,
  0x55, 0x55, 0x55, 0x55, 0x55, 0x55, 0x55, 0x55, 0x55, 0x55, 0x55, 0x55,
  0x55, 0x55, 0x55, 0x55, 0x55, 0x55, 0x55, 0x55, 0x55, 0x55, 0x55, 0x55,
  0x55, 0x55, 0x55, 0x55, 0x55, 0x55, 0x55, 0x55, 0x55, 0x55, 0x55, 0x55,
  0x55, 0x55, 0x55, 0x55, 0x55, 0x55, 0x55, 0x55, 0x55, 0x55, 0x55, 0x55,
  0x55, 0x55, 0x55, 0x55, 0x55, 0x55, 0x55, 0x55, 0x55, 0x55, 0x55, 0x55,
  0x55, 0x55, 0x55, 0x55, 0x55, 0x55, 0x55, 0x55, 0x55, 0x55, 0x55, 0x55,
  0x55, 0x55, 0x55, 0x55, 0x55, 0x55, 0x55, 0x55, 0x55, 0x55, 0x55, 0x55,
  0x55, 0x55, 0x55, 0x55, 0x55, 0x55, 0x55, 0x55, 0x55, 0x55, 0x55, 0x55,
  0x55, 0x55, 0x55, 0x55, 0x55, 0x55, 0x55, 0x55, 0x55, 0x55, 0x55, 0x55,
  0x55, 0x55, 0x55, 0x55, 0x55, 0x55, 0x55, 0x55, 0x55, 0x55, 0x55, 0xcb,
  0x95, 0xa5, 0x2f, 0xb0, 0x88, 0x00, 0x33, 0x09, 0xbc, 0x53, 0x63, 0x00,
  0xa4, 0x01, 0xe3, 0x00, 0x60, 0x01, 0x53, 0x00, 0xb8, 0x03, 0xf3, 0x02,
  0x04, 0x12, 0x63, 0xfa, 0x0f, 0x7c, 0x73, 0x9d, 0x9b, 0x8c, 0x7c, 0x1d,
  0x30, 0x88, 0x08, 0xb7, 0xac, 0x1a, 0x42, 0x08, 0x04, 0xcb, 0xdb, 0xaf,
  0x60, 0x2c, 0x94, 0xcd, 0xec, 0x9d, 0x9f, 0x88, 0x64, 0xfe, 0xff, 0xf3,
  0xa0, 0xc4, 0x3b, 0x19, 0xf1, 0x46, 0x10, 0x00, 0xff, 0x04, 0x64, 0x8e,
  0x88, 0xe9, 0xea, 0x90, 0xc5, 0x99, 0x77, 0x79, 0x2a, 0xdd, 0x63, 0x00,
  0xb6, 0xde, 0x98, 0xff, 0x7f, 0x00, 0xb6, 0xb2, 0xa6, 0x18, 0xa4, 0xb6,
  0xa2, 0xd9, 0x00, 0xcb, 0x02, 0xba, 0x54, 0xe9, 0x47, 0x6d, 0x76, 0xda,
  0x6c, 0x18, 0x9b, 0x0e, 0xf1, 0x9f, 0xf6, 0xad, 0x4c, 0x41, 0x4d, 0x45,
  0x33, 0x2e, 0x31, 0x30, 0x31, 0x20, 0x28, 0x62, 0x65, 0x74, 0x61, 0x20,
  0x33, 0x29, 0x55, 0x55, 0x55, 0x55, 0x55, 0x55, 0x55, 0x55, 0x55, 0x55,
  0x55, 0x55, 0x55, 0x55, 0x55, 0x55, 0x55, 0x55, 0x55, 0x55, 0x55, 0x55,
  0x55, 0x55, 0x55, 0x55, 0x55, 0x55, 0x55, 0x55, 0x55, 0x55, 0x55, 0x55,
  0x55, 0x55, 0x55, 0x55, 0x55, 0x55, 0x55, 0x55, 0x55, 0x55, 0x55, 0x55,
  0x55, 0x55, 0x55, 0x55, 0x55, 0x55, 0x55, 0x55, 0x55, 0x55, 0x55, 0x55,
  0x55, 0x55, 0x55, 0x55, 0x55, 0x55, 0x55, 0x55, 0x55, 0x55, 0x55, 0x55,
  0x55, 0x55, 0x55, 0x55, 0x55, 0x55, 0x55, 0x55, 0x55, 0x55, 0x55, 0x55,
  0x55, 0x55, 0x55, 0x55, 0x55, 0x55, 0x55, 0x55, 0x55, 0x55, 0x55, 0x55,
  0x55, 0x55, 0x55, 0x55, 0x55, 0x55, 0x55, 0x55, 0x55, 0x55, 0x55, 0x55,
  0x55, 0x55, 0x55, 0x55, 0x55, 0x55, 0x55, 0x55, 0x55, 0x55, 0x55, 0x55,
  0x55, 0x55, 0x55, 0x55, 0x55, 0x55, 0x55, 0x55, 0x55, 0x55, 0x55, 0x55,
  0x55, 0x55, 0x55, 0x55, 0x55, 0x55, 0x55, 0x55, 0x55, 0x55, 0x55, 0x55,
  0x55, 0x55, 0x55, 0x55, 0x55, 0x55, 0x55, 0x55, 0x55, 0x55, 0x55, 0x55,
  0x55, 0x55, 0x55, 0x55, 0x55, 0x55, 0x55, 0x55, 0x55, 0x55, 0x55, 0x55,
  0x55, 0x55, 0x55, 0x55, 0x55, 0x55, 0x55, 0x55, 0x55, 0x55, 0x55, 0x55,
  0x55, 0x55, 0x55, 0x55, 0x55, 0x55, 0x55, 0x55, 0x55, 0x55, 0x55, 0x55,
  0x30, 0x09, 0x5d, 0xef, 0x2c, 0x6b, 0x4a, 0x53, 0xd8, 0xc1, 0xaa, 0x0d,
  0x9c, 0xc0, 0x12, 0x00, 0x2c, 0xc0, 0x09, 0x00, 0x10, 0xc0, 0x17, 0x00,
  0x88, 0xc0, 0x4a, 0x03, 0x14, 0xe9, 0x2e, 0x9b, 0xc8, 0xf1, 0x91, 0x4c,
  0x7c, 0x28, 0x1c, 0x02, 0xa6, 0xce, 0xec, 0xf1, 0x43, 0x09, 0x35, 0xff,
  0xf3, 0xa0, 0xc4, 0x2f, 0x16, 0xc8, 0x8e, 0x1c, 0x52, 0xfe, 0xc4, 0x64,
  0xd9, 0xfa, 0x78, 0x0f, 0x47, 0xf3, 0xe5, 0x96, 0x23, 0xa4, 0xf7, 0x58,
  0x84, 0x49, 0x6f, 0x32, 0x36, 0xdb, 0xef, 0xd9, 0xdb, 0xe5, 0xd0, 0x47,
  0xf1, 0xd3, 0x1d, 0x5a, 0xff, 0xd1, 0xef, 0xe7, 0x0b, 0xa8, 0x88, 0xf7,
  0xd3, 0x57, 0x76, 0xe1, 0x69, 0xa4, 0xdd, 0xf5, 0x2a, 0x4c, 0x41, 0x4d,
  0x45, 0x33, 0x2e, 0x31, 0x30, 0x31, 0x20, 0x28, 0x62, 0x65, 0x74, 0x61,
  0x20, 0x33, 0x29, 0xaa, 0xaa, 0xaa, 0xaa, 0xaa, 0xaa, 0xaa, 0xaa, 0xaa,
  0xaa, 0xaa, 0xaa, 0xaa, 0xaa, 0xaa, 0xaa, 0xaa, 0xaa, 0xaa, 0xaa, 0xaa,
  0xaa, 0xaa, 0xaa, 0xaa, 0xaa, 0xaa, 0xaa, 0xaa, 0xaa, 0xaa, 0xaa, 0xaa,
  0xaa, 0xaa, 0xaa, 0xaa, 0xaa, 0xaa, 0xaa, 0xaa, 0xaa, 0xaa, 0xaa, 0xaa,
  0xaa, 0xaa, 0xaa, 0xaa, 0xaa, 0xaa, 0xaa, 0xaa, 0xaa, 0xaa, 0xaa, 0xaa,
  0xaa, 0xaa, 0xaa, 0xaa, 0xaa, 0xaa, 0xaa, 0xaa, 0xaa, 0xaa, 0xaa, 0xaa,
  0xaa, 0xaa, 0xaa, 0xaa, 0xaa, 0xaa, 0xaa, 0xaa, 0xaa, 0xaa, 0xaa, 0xaa,
  0xaa, 0xaa, 0xaa, 0xaa, 0xaa, 0xaa, 0xaa, 0xaa, 0xaa, 0xaa, 0xaa, 0xaa,
  0xaa, 0xaa, 0xaa, 0xaa, 0xaa, 0xaa, 0xaa, 0xaa, 0xaa, 0xaa, 0xaa, 0xaa,
  0xaa, 0xaa, 0xaa, 0xaa, 0xaa, 0xaa, 0xaa, 0xaa, 0xaa, 0xaa, 0xaa, 0xaa,
  0xaa, 0xaa, 0xaa, 0xaa, 0xaa, 0xaa, 0xaa, 0xaa, 0xaa, 0xaa, 0xaa, 0xaa,
  0xaa, 0xaa, 0xaa, 0xaa, 0xaa, 0xaa, 0xaa, 0xaa, 0xaa, 0xaa, 0xaa, 0xaa,
  0xaa, 0xaa, 0xaa, 0xaa, 0xaa, 0xaa, 0xaa, 0xaa, 0xaa, 0xaa, 0xaa, 0xaa,
  0xaa, 0xaa, 0xaa, 0xaa, 0xaa, 0xaa, 0xaa, 0xaa, 0xaa, 0xaa, 0xaa, 0xaa,
  0xaa, 0xaa, 0xaa, 0xaa, 0xaa, 0xaa, 0xaa, 0xaa, 0xcb, 0x1a, 0xd4, 0xaf,
  0xb0, 0x80, 0x00, 0x13, 0x0a, 0x64, 0x4e, 0xe3, 0x00, 0xb4, 0x01, 0xc3,
  0x00, 0x68, 0x01, 0x53, 0x00, 0xb8, 0x04, 0x33, 0x01, 0xec, 0x13, 0xa3,
  0xec, 0xa7, 0xb4, 0x73, 0x94, 0x9d, 0x8c, 0x74, 0x1f, 0x30, 0x78, 0x10,
  0xbb, 0x2c, 0x4a, 0x5a, 0x24, 0x1d, 0x16, 0xea, 0xba, 0xaf, 0x81, 0xba,
  0x3e, 0xff, 0xff, 0x8a, 0x2d, 0xa9, 0x47, 0xff, 0xeb, 0x38, 0xb1, 0x40,
  0xff, 0xf3, 0xa2, 0xc4, 0x40, 0x1b, 0x69, 0x46, 0x10, 0x00, 0xff, 0x0a,
  0x64, 0xab, 0xbb, 0x82, 0x08, 0x20, 0x44, 0x23, 0x75, 0xec, 0x7f, 0x41,
  0x58, 0xd5, 0x2d, 0x56, 0xd1, 0x88, 0x26, 0xae, 0xd8, 0x49, 0x32, 0xa2,
  0xa8, 0x72, 0x87, 0xcb, 0xbe, 0x38, 0xa9, 0xce, 0x40, 0x00, 0x9a, 0xdf,
  0x5a, 0x8a, 0xa8, 0x6b, 0x9c, 0xe6, 0x4a, 0x69, 0xbf, 0xb4, 0x8d, 0x4c,
  0x41, 0x4d, 0x45, 0x33, 0x2e, 0x31, 0x30, 0x31, 0x20, 0x28, 0x62, 0x65,
  0x74, 0x61, 0x20, 0x33, 0x29, 0x55, 0x55, 0x55, 0x55, 0x55, 0x55, 0x55,
  0x55, 0x55, 0x55, 0x55, 0x55, 0x55, 0x55, 0x55, 0x55, 0x55, 0x55, 0x55,
  0x55, 0x55, 0x55, 0x55, 0x55, 0x55, 0x55, 0x55, 0x55, 0x55, 0x55, 0x55,
  0x55, 0x55, 0x55, 0x55, 0x55, 0x55, 0x55, 0x55, 0x55, 0x55, 0x55, 0x55,
  0x55, 0x55, 0x55, 0x55, 0x55, 0x55, 0x55, 0x55, 0x55, 0x55, 0x55, 0x55,
  0x55, 0x55, 0x55, 0x55, 0x55, 0x55, 0x55, 0x55, 0x55, 0x55, 0x55, 0x55,
  0x55, 0x55, 0x55, 0x55, 0x55, 0x55, 0x55, 0x55, 0x55, 0x55, 0x55, 0x55,
  0x55, 0x55, 0x55, 0x55, 0x55, 0x55, 0x55, 0x55, 0x55, 0x55, 0x55, 0x55,
  0x55, 0x55, 0x55, 0x55, 0x55, 0x55, 0x55, 0x55, 0x55, 0x55, 0x55, 0x55,
  0x55, 0x55, 0x55, 0x55, 0x55, 0x55, 0x55, 0x55, 0x55, 0x55, 0x55, 0x55,
  0x55, 0x55, 0x55, 0x55, 0x55, 0x55, 0x55, 0x55, 0x55, 0x55, 0x55, 0x55,
  0x55, 0x55, 0x55, 0x55, 0x55, 0x55, 0x55, 0x55, 0x55, 0x55, 0x55, 0x55,
  0x55, 0x55, 0x55, 0x55, 0x55, 0x55, 0x55, 0x55, 0x55, 0x55, 0x55, 0x55,
  0x55, 0x55, 0x55, 0x55, 0x55, 0x55, 0x55, 0x55, 0x55, 0x55, 0x55, 0x55,
  0x55, 0x55, 0x55, 0x55, 0x55, 0x55, 0x55, 0x55, 0x55, 0x55, 0x55, 0x55,
  0x55, 0x55, 0x55, 0x55, 0x55, 0x55, 0xc7, 0x2d, 0xd3, 0x3e, 0xa2, 0x10,
  0x00, 0x0c, 0x2a, 0xa1, 0x31, 0xcc, 0x02, 0xe0, 0x06, 0xcc, 0x01, 0xd0,
  0x05, 0x0c, 0x02, 0xf0, 0x10, 0x8c, 0x07, 0x60, 0x50, 0xcf, 0x95, 0xcf,
  0x3a, 0x0e, 0x40, 0x7b, 0x31, 0xb8, 0x80, 0xc1, 0x80, 0x54, 0x01, 0x31,
  0x19, 0x70, 0x74, 0x3c, 0x57, 0xcd, 0xe8, 0x6d, 0x40, 0xbb, 0xe4, 0x72,
  0xf5, 0x6f, 0xff, 0xf3, 0xa0, 0xc4, 0x38, 0x19, 0x38, 0xee, 0x10, 0x00,
  0xff, 0x0a, 0x64, 0x57, 0x4b, 0x09, 0xc0, 0xd6, 0xd0, 0x23, 0xb2, 0x50,
  0xac, 0x93, 0x3a, 0xd7, 0xad, 0xbd, 0x0c, 0xba, 0x8a, 0x79, 0xc6, 0xb3,
  0x4e, 0x99, 0xe7, 0x2e, 0xbb, 0x0a, 0xd3, 0x0f, 0xc0, 0x57, 0xa1, 0xb7,
  0x14, 0x3b, 0xae, 0xb8, 0xab, 0x08, 0x52, 0xf4, 0xef, 0x8b, 0xaa, 0x2e,
  0x4c, 0x41, 0x4d, 0x45, 0x33, 0x2e, 0x31, 0x30, 0x31, 0x20, 0x28, 0x62,
  0x65, 0x74, 0x61, 0x20, 0x33, 0x29, 0xaa, 0xaa, 0xaa, 0xaa, 0xaa, 0xaa,
  0xaa, 0xaa, 0xaa, 0xaa, 0xaa, 0xaa, 0xaa, 0xaa, 0xaa, 0xaa, 0xaa, 0xaa,
  0xaa, 0xaa, 0xaa, 0xaa, 0xaa, 0xaa, 0xaa, 0xaa, 0xaa, 0xaa, 0xaa, 0xaa,
  0xaa, 0xaa, 0xaa, 0xaa, 0xaa, 0xaa, 0xaa, 0xaa, 0xaa, 0xaa, 0xaa, 0xaa,
  0xaa, 0xaa, 0xaa, 0xaa, 0xaa, 0xaa, 0xaa, 0xaa, 0xaa, 0xaa, 0xaa, 0xaa,
  0xaa, 0xaa, 0xaa, 0xaa, 0xaa, 0xaa, 0xaa, 0xaa, 0xaa, 0xaa, 0xaa, 0xaa,
  0xaa, 0xaa, 0xaa, 0xaa, 0xaa, 0xaa, 0xaa, 0xaa, 0xaa, 0xaa, 0xaa, 0xaa,
  0xaa, 0xaa, 0xaa, 0xaa, 0xaa, 0xaa, 0xaa, 0xaa, 0xaa, 0xaa, 0xaa, 0xaa,
  0xaa, 0xaa, 0xaa, 0xaa, 0xaa, 0xaa, 0xaa, 0xaa, 0xaa, 0xaa, 0xaa, 0xaa,
  0xaa, 0xaa, 0xaa, 0xaa, 0xaa, 0xaa, 0xaa, 0xaa, 0xaa, 0xaa, 0xaa, 0xaa,
  0xaa, 0xaa, 0xaa, 0xaa, 0xaa, 0xaa, 0xaa, 0xaa, 0xaa, 0xaa, 0xaa, 0xaa,
  0xaa, 0xaa, 0xaa, 0xaa, 0xaa, 0xaa, 0xaa, 0xaa, 0xaa, 0xaa, 0xaa, 0xaa,
  0xaa, 0xaa, 0xaa, 0xaa, 0xaa, 0xaa, 0xaa, 0xaa, 0xaa, 0xaa, 0xaa, 0xaa,
  0xaa, 0xaa, 0xaa, 0xaa, 0xaa, 0xaa, 0xaa, 0xaa, 0xaa, 0xaa, 0xaa, 0xaa,
  0xaa, 0xaa, 0xaa, 0xaa, 0xaa, 0xaa, 0xaa, 0xaa, 0xaa, 0xaa, 0xaa, 0xaa,
  0xaa, 0xaa, 0xaa, 0xaa, 0xaa, 0xcb, 0x1b, 0xf4, 0xaf, 0xb1, 0x79, 0x4c,
  0x2b, 0xd1, 0x27, 0x8c, 0x03, 0x10, 0x06, 0x8c, 0x01, 0xc0, 0x05, 0x4c,
  0x02, 0xc0, 0x11, 0x4c, 0x07, 0x30, 0x53, 0x0f, 0x77, 0xbf, 0x9d, 0x4e,
  0x2e, 0x7e, 0x31, 0xa0, 0x8c, 0xc1, 0xa0, 0x64, 0x00, 0xb1, 0x29, 0x6d,
  0x69, 0x6d, 0xae, 0x53, 0xbd, 0x7a, 0x01, 0xbe, 0xd3, 0x76, 0xaf, 0x2d,
  0x6e, 0x21, 0x2f, 0xff, 0xf3, 0xa2, 0xc4, 0x3a, 0x19, 0xe9, 0x46, 0x10,
  0x00, 0xff, 0x0a, 0x68, 0xd3, 0x64, 0xd5, 0x3d, 0x62, 0xd7, 0xdd, 0xad,
  0x4d, 0x5b, 0x19, 0x6c, 0x3b, 0xe9, 0x98, 0xd0, 0xfb, 0x51, 0x0e, 0x75,
  0x9b, 0x7a, 0x16, 0x63, 0x2c, 0xb4, 0x1a, 0x3a, 0x83, 0x6c, 0xa4, 0xab,
  0xd6, 0xb6, 0x26, 0xb3, 0x0d, 0x8b, 0xd3, 0x6a, 0x9b, 0x9d, 0xf5, 0xff,
  0xb8, 0xb5, 0x4c, 0x41, 0x4d, 0x45, 0x33, 0x2e, 0x31, 0x30, 0x31, 0x20,
  0x28, 0x62, 0x65, 0x74, 0x61, 0x20, 0x33, 0x29, 0x55, 0x55, 0x55, 0x55,
  0x55, 0x55, 0x55, 0x55, 0x55, 0x55, 0x55, 0x55, 0x55, 0x55, 0x55, 0x55,
  0x55, 0x55, 0x55, 0x55, 0x55, 0x55, 0x55, 0x55, 0x55, 0x55, 0x55, 0x55,
  0x55, 0x55, 0x55, 0x55, 0x55, 0x55, 0x55, 0x55, 0x55, 0x55, 0x55, 0x55,
  0x55, 0x55, 0x55, 0x55, 0x55, 0x55, 0x55, 0x55, 0x55, 0x55, 0x55, 0x55,
  0x55, 0x55, 0x55, 0x55, 0x55, 0x55, 0x55, 0x55, 0x55, 0x55, 0x55, 0x55,
  0x55, 0x55, 0x55, 0x55, 0x55, 0x55, 0x55, 0x55, 0x55, 0x55, 0x55, 0x55,
  0x55, 0x55, 0x55, 0x55, 0x55, 0x55, 0x55, 0x55, 0x55, 0x55, 0x55, 0x55,
  0x55, 0x55, 0x55, 0x55, 0x55, 0x55, 0x55, 0x55, 0x55, 0x55, 0x55, 0x55,
  0x55, 0x55, 0x55, 0x55, 0x55, 0x55, 0x55, 0x55, 0x55, 0x55, 0x55, 0x55,
  0x55, 0x55, 0x55, 0x55, 0x55, 0x55, 0x55, 0x55, 0x55, 0x55, 0x55, 0x55,
  0x55, 0x55, 0x55, 0x55, 0x55, 0x55, 0x55, 0x55, 0x55, 0x55, 0x55, 0x55,
  0x55, 0x55, 0x55, 0x55, 0x55, 0x55, 0x55, 0x55, 0x55, 0x55, 0x55, 0x55,
  0x55, 0x55, 0x55, 0x55, 0x55, 0x55, 0x55, 0x55, 0x55, 0x55, 0x55, 0x55,
  0x55, 0x55, 0x55, 0x55, 0x55, 0x55, 0x55, 0x55, 0x55, 0x55, 0x55, 0x55,
  0xc7, 0x2c, 0x69, 0x9f, 0xd2, 0xe7, 0x18, 0x59, 0xc2, 0x39, 0x98, 0x06,
  0x40, 0x0c, 0x98, 0x03, 0xa0, 0x0a, 0x18, 0x05, 0xa0, 0x23, 0x18, 0x0d,
  0xc0, 0xaa, 0x9e, 0xb0, 0x9f, 0xf5, 0x1c, 0x29, 0x02, 0x63, 0x31, 0x11,
  0x82, 0x80, 0xe5, 0xe2, 0x62, 0x32, 0xe0, 0xe8, 0x18, 0xaf, 0xfb, 0x21,
  0xb6, 0x02, 0xee, 0x84, 0x98, 0xb7, 0xff, 0xdd, 0x06, 0xeb, 0x64, 0x3b,
  0xf3, 0x7f, 0xdc, 0x71, 0x51, 0xff, 0xf3, 0xa0, 0xc4, 0x41, 0x1b, 0x69,
  0x46, 0x10, 0x00, 0xff, 0x0a, 0x64, 0x7f, 0x70, 0xfa, 0x14, 0xdb, 0x9d,
  0x16, 0xed, 0x97, 0x3f, 0x61, 0x41, 0x6e, 0xbc, 0x24, 0x83, 0x72, 0x3d,
  0xc5, 0x52, 0x5c, 0xed, 0xc2, 0xa1, 0x7a, 0x1f, 0x9e, 0x73, 0x5a, 0xb1,
  0x10, 0x01, 0x4c, 0x52, 0x65, 0x50, 0x88, 0xee, 0xa7, 0x84, 0x9e, 0xe3,
  0x77, 0xf8, 0xba, 0x4c, 0x41, 0x4d, 0x45, 0x33, 0x2e, 0x31, 0x30, 0x31,
  0x20, 0x28, 0x62, 0x65, 0x74, 0x61, 0x20, 0x33, 0x29, 0xaa, 0xaa, 0xaa,
  0xaa, 0xaa, 0xaa, 0xaa, 0xaa, 0xaa, 0xaa, 0xaa, 0xaa, 0xaa, 0xaa, 0xaa,
  0xaa, 0xaa, 0xaa, 0xaa, 0xaa, 0xaa, 0xaa, 0xaa, 0xaa, 0xaa, 0xaa, 0xaa,
  0xaa, 0xaa, 0xaa, 0xaa, 0xaa, 0xaa, 0xaa, 0xaa, 0xaa, 0xaa, 0xaa, 0xaa,
  0xaa, 0xaa, 0xaa, 0xaa, 0xaa, 0xaa, 0xaa, 0xaa, 0xaa, 0xaa, 0xaa, 0xaa,
  0xaa, 0xaa, 0xaa, 0xaa, 0xaa, 0xaa, 0xaa, 0xaa, 0xaa, 0xaa, 0xaa, 0xaa,
  0xaa, 0xaa, 0xaa, 0xaa, 0xaa, 0xaa, 0xaa, 0xaa, 0xaa, 0xaa, 0xaa, 0xaa,
  0xaa, 0xaa, 0xaa, 0xaa, 0xaa, 0xaa, 0xaa, 0xaa, 0xaa, 0xaa, 0xaa, 0xaa,
  0xaa, 0xaa, 0xaa, 0xaa, 0xaa, 0xaa, 0xaa, 0xaa, 0xaa, 0xaa, 0xaa, 0xaa,
  0xaa, 0xaa, 0xaa, 0xaa, 0xaa, 0xaa, 0xaa, 0xaa, 0xaa, 0xaa, 0xaa, 0xaa,
  0xaa, 0xaa, 0xaa, 0xaa, 0xaa, 0xaa, 0xaa, 0xaa, 0xaa, 0xaa, 0xaa, 0xaa,
  0xaa, 0xaa, 0xaa, 0xaa, 0xaa, 0xaa, 0xaa, 0xaa, 0xaa, 0xaa, 0xaa, 0xaa,
  0xaa, 0xaa, 0xaa, 0xaa, 0xaa, 0xaa, 0xaa, 0xaa, 0xaa, 0xaa, 0xaa, 0xaa,
  0xaa, 0xaa, 0xaa, 0xaa, 0xaa, 0xaa, 0xaa, 0xaa, 0xaa, 0xaa, 0xaa, 0xaa,
  0xaa, 0xaa, 0xaa, 0xaa, 0xaa, 0xaa, 0xaa, 0xaa, 0xaa, 0xaa, 0xaa, 0xaa,
  0xaa, 0xaa, 0xaa, 0xaa, 0xaa, 0xaa, 0xaa, 0xaa, 0xaa, 0xaa, 0xaa, 0xaa,
  0xaa, 0xaa, 0xaa, 0xaa, 0xaa, 0xaa, 0xaa, 0xaa, 0xee, 0x39, 0x52, 0xc3,
  0x48, 0x62, 0x61, 0x40, 0x87, 0x78, 0x60, 0x14, 0x80, 0x20, 0x60, 0x0b,
  0x00, 0x1e, 0x60, 0x11, 0x00, 0x76, 0x60, 0x2c, 0x82, 0x58, 0x76, 0x97,
  0xf2, 0xaa, 0x7b, 0xae, 0x06, 0x4c, 0x3a, 0x60, 0xa0, 0x48, 0xaa, 0xce,
  0xa5, 0x26, 0x02, 0x8b, 0x36, 0xbe, 0xff, 0xf3, 0xa2, 0xc4, 0x2e, 0x16,
  0xc9, 0x46, 0x14, 0x00, 0xfe, 0xca, 0x64, 0xa7, 0xe0, 0xde, 0xb9, 0xbf,
  0xff, 0x18, 0xbf, 0xf4, 0xff, 0x46, 0x8f, 0x85, 0x19, 0xdc, 0xae, 0xfb,
  0xff, 0xd5, 0x96, 0x4e, 0xde, 0xc5, 0x53, 0xf1, 0x44, 0xd4, 0x15, 0xbe,
  0x14, 0xa7, 0x1c, 0x45, 0xfc, 0x81, 0x75, 0xd5, 0xa9, 0x4b, 0xad, 0xde,
  0xab, 0x53, 0x76, 0xb6, 0xd5, 0x4c, 0x41, 0x4d, 0x45, 0x33, 0x2e, 0x31,
  0x30, 0x31, 0x20, 0x28, 0x62, 0x65, 0x74, 0x61, 0x20, 0x33, 0x29, 0x55,
  0x55, 0x55, 0x55, 0x55, 0x55, 0x55, 0x55, 0x55, 0x55, 0x55, 0x55, 0x55,
  0x55, 0x55, 0x55, 0x55, 0x55, 0x55, 0x55, 0x55, 0x55, 0x55, 0x55, 0x55,
  0x55, 0x55, 0x55, 0x55, 0x55, 0x55, 0x55, 0x55, 0x55, 0x55, 0x55, 0x55,
  0x55, 0x55, 0x55, 0x55, 0x55, 0x55, 0x55, 0x55, 0x55, 0x55, 0x55, 0x55,
  0x55, 0x55, 0x55, 0x55, 0x55, 0x55, 0x55, 0x55, 0x55, 0x55, 0x55, 0x55,
  0x55, 0x55, 0x55, 0x55, 0x55, 0x55, 0x55, 0x55, 0x55, 0x55, 0x55, 0x55,
  0x55, 0x55, 0x55, 0x55, 0x55, 0x55, 0x55, 0x55, 0x55, 0x55, 0x55, 0x55,
  0x55, 0x55, 0x55, 0x55, 0x55, 0x55, 0x55, 0x55, 0x55, 0x55, 0x55, 0x55,
  0x55, 0x55, 0x55, 0x55, 0x55, 0x55, 0x55, 0x55, 0x55, 0x55, 0x55, 0x55,
  0x55, 0x55, 0x55, 0x55, 0x55, 0x55, 0x55, 0x55, 0x55, 0x55, 0x55, 0x55,
  0x55, 0x55, 0x55, 0x55, 0x55, 0x55, 0x55, 0x55, 0x55, 0x55, 0x55, 0x55,
  0x55, 0x55, 0x55, 0x55, 0x55, 0x55, 0x55, 0x55, 0x55, 0x55, 0x55, 0x55,
  0x55, 0x55, 0x55, 0x55, 0x55, 0x55, 0x55, 0x55, 0x55, 0x55, 0x55, 0x55,
  0x55, 0x55, 0x55, 0x55, 0x55, 0x55, 0x55, 0x55, 0x55, 0x55, 0x55, 0x55,
  0x55, 0x55, 0x55, 0x55, 0x55, 0x55, 0x55, 0x55, 0x55, 0x55, 0x55, 0x55,
  0x55, 0x55, 0x55, 0x55, 0x55, 0x55, 0x55, 0x55, 0x55, 0x55, 0x55, 0x55,
  0x55, 0x55, 0x55, 0x55, 0x55, 0x55, 0x55, 0x55, 0x55, 0x55, 0x55, 0x55,
  0x55, 0x55, 0x55, 0x55, 0x55, 0x55, 0x55, 0x55, 0x55, 0x55, 0x55, 0x55,
  0x55, 0x55, 0x2c, 0x8a, 0xa6, 0x5b, 0xff, 0x99, 0x52, 0xb8, 0x47, 0x48,
  0xe8, 0x82, 0x82, 0x25, 0xae, 0x30, 0x01, 0x40, 0xff, 0xf3, 0xa0, 0xc4,
  0x12, 0x0f, 0x98, 0x46, 0x28, 0x54, 0xe7, 0xf4, 0x40, 0x10, 0x30, 0x07,
  0x80, 0x93, 0x35, 0xa3, 0x9e, 0x78, 0x3c, 0x0b, 0xcc, 0x28, 0x05, 0x01,
  0x72, 0xa3, 0x21, 0xc0, 0xe5, 0x56, 0x32, 0x8f, 0xdd, 0xed, 0xf9, 0x1e,
  0x5c, 0xa2, 0x7f, 0xb7, 0xf1, 0x7f, 0xd7, 0xff, 0xea, 0xfd, 0x6b, 0xff,
  0xff, 0x5f, 0x67, 0x47, 0xfd, 0xca, 0x4c, 0x41, 0x4d, 0x45, 0x33, 0x2e,
  0x31, 0x30, 0x31, 0x20, 0x28, 0x62, 0x65, 0x74, 0x61, 0x20, 0x33, 0x29,
  0xaa, 0xaa, 0xaa, 0xaa, 0xaa, 0xaa, 0xaa, 0xaa, 0xaa, 0xaa, 0xaa, 0xaa,
  0xaa, 0xaa, 0xaa, 0xaa, 0xaa, 0xaa, 0xaa, 0xaa, 0xaa, 0xaa, 0xaa, 0xaa,
  0xaa, 0xaa, 0xaa, 0xaa, 0xaa, 0xaa, 0xaa, 0xaa, 0xaa, 0xaa, 0xaa, 0xaa,
  0xaa, 0xaa, 0xaa, 0xaa, 0xaa, 0xaa, 0xaa, 0xaa, 0xaa, 0xaa, 0xaa, 0xaa,
  0xaa, 0xaa, 0xaa, 0xaa, 0xaa, 0xaa, 0xaa, 0xaa, 0xaa, 0xaa, 0xaa, 0xaa,
  0xaa, 0xaa, 0xaa, 0xaa, 0xaa, 0xaa, 0xaa, 0xaa, 0xaa, 0xaa, 0xaa, 0xaa,
  0xaa, 0xaa, 0xaa, 0xaa, 0xaa, 0xaa, 0xaa, 0xaa, 0xaa, 0xaa, 0xaa, 0xaa,
  0xaa, 0xaa, 0xaa, 0xaa, 0xaa, 0xaa, 0xaa, 0xaa, 0xaa, 0xaa, 0xaa, 0xaa,
  0xaa, 0xaa, 0xaa, 0xaa, 0xaa, 0xaa, 0xaa, 0xaa, 0xaa, 0xaa, 0xaa, 0xaa,
  0xaa, 0xaa, 0xaa, 0xaa, 0xaa, 0xaa, 0xaa, 0xaa, 0xaa, 0xaa, 0xaa, 0xaa,
  0xaa, 0xaa, 0xaa, 0xaa, 0xaa, 0xaa, 0xaa, 0xaa, 0xaa, 0xaa, 0xaa, 0xaa,
  0xaa, 0xaa, 0xaa, 0xaa, 0xaa, 0xaa, 0xaa, 0xaa, 0xaa, 0xaa, 0xaa, 0xaa,
  0xaa, 0xaa, 0xaa, 0xaa, 0xaa, 0xaa, 0xaa, 0xaa, 0xaa, 0xaa, 0xaa, 0xaa,
  0xaa, 0xaa, 0xaa, 0xaa, 0xaa, 0xaa, 0xaa, 0xaa, 0xaa, 0xaa, 0xaa, 0xaa,
  0xaa, 0xaa, 0xaa, 0xaa, 0xaa, 0xaa, 0xaa, 0xaa, 0xaa, 0xaa, 0xaa, 0xaa,
  0xaa, 0xaa, 0xaa, 0xaa, 0xaa, 0xaa, 0xaa, 0xaa, 0xaa, 0xaa, 0xaa, 0xaa,
  0xcb, 0x1a, 0xd6, 0x63, 0x49, 0x7a, 0x61, 0x4d, 0x86, 0xd4, 0x60, 0x16,
  0x80, 0x1c, 0x60, 0x0b, 0x00, 0x1a, 0x60, 0x10, 0x00, 0x7a, 0x60, 0x28,
  0x82, 0x74, 0x74, 0xad, 0xf7, 0x16, 0x79, 0x2e, 0xc6, 0x40, 0x3e, 0x60,
  0x20, 0x89, 0x0a, 0xd6, 0xa6, 0x45, 0x83, 0xa2, 0xdd, 0xff, 0xf3, 0xa2,
  0xc4, 0x2d, 0x16, 0xb8, 0xea, 0x14, 0x00, 0xfe, 0xca, 0x64, 0x7d, 0x4f,
  0xb8, 0x6e, 0x9b, 0x5f, 0xfe, 0xac, 0x96, 0x12, 0xbb, 0xa9, 0xa2, 0xbb,
  0x0f, 0x8c, 0xfd, 0x9a, 0x7f, 0xa6, 0xf4, 0xb3, 0x49, 0x4f, 0x4d, 0x36,
  0x3a, 0xdb, 0xbc, 0xd9, 0x57, 0x31, 0xfb, 0xdf, 0x58, 0xaf, 0x6a, 0x8e,
  0x2d, 0x1f, 0x3b, 0x42, 0x76, 0xa5, 0xbf, 0xd1, 0x4c, 0x41, 0x4d, 0x45,
  0x33, 0x2e, 0x31, 0x30, 0x31, 0x20, 0x28, 0x62, 0x65, 0x74, 0x61, 0x20,
  0x33, 0x29, 0x55, 0x55, 0x55, 0x55, 0x55, 0x55, 0x55, 0x55, 0x55, 0x55,
  0x55, 0x55, 0x55, 0x55, 0x55, 0x55, 0x55, 0x55, 0x55, 0x55, 0x55, 0x55,
  0x55, 0x55, 0x55, 0x55, 0x55, 0x55, 0x55, 0x55, 0x55, 0x55, 0x55, 0x55,
  0x55, 0x55, 0x55, 0x55, 0x55, 0x55, 0x55, 0x55, 0x55, 0x55, 0x55, 0x55,
  0x55, 0x55, 0x55, 0x55, 0x55, 0x55, 0x55, 0x55, 0x55, 0x55, 0x55, 0x55,
  0x55, 0x55, 0x55, 0x55, 0x55, 0x55, 0x55, 0x55, 0x55, 0x55, 0x55, 0x55,
  0x55, 0x55, 0x55, 0x55, 0x55, 0x55, 0x55, 0x55, 0x55, 0x55, 0x55, 0x55,
  0x55, 0x55, 0x55, 0x55, 0x55, 0x55, 0x55, 0x55, 0x55, 0x55, 0x55, 0x55,
  0x55, 0x55, 0x55, 0x55, 0x55, 0x55, 0x55, 0x55, 0x55, 0x55, 0x55, 0x55,
  0x55, 0x55, 0x55, 0x55, 0x55, 0x55, 0x55, 0x55, 0x55, 0x55, 0x55, 0x55,
  0x55, 0x55, 0x55, 0x55, 0x55, 0x55, 0x55, 0x55, 0x55, 0x55, 0x55, 0x55,
  0x55, 0x55, 0x55, 0x55, 0x55, 0x55, 0x55, 0x55, 0x55, 0x55, 0x55, 0x55,
  0x55, 0x55, 0x55, 0x55, 0x55, 0x55, 0x55, 0x55, 0x55, 0x55, 0x55, 0x55,
  0x55, 0x55, 0x55, 0x55, 0x55, 0x55, 0x55, 0x55, 0x55, 0x55, 0x55, 0x55,
  0x55, 0x55, 0x55, 0x55, 0x55, 0x55, 0x55, 0x55, 0x55, 0x55, 0x55, 0x55,
  0x55, 0x55, 0x55, 0x55, 0x55, 0x55, 0x55, 0x55, 0x55, 0x55, 0x55, 0x55,
  0x55, 0x55, 0x55, 0xc7, 0x2b, 0x36, 0xa3, 0x29, 0x7c, 0x61, 0x53, 0x06,
  0x7e, 0x60, 0x16, 0x00, 0x1a, 0x60, 0x0b, 0x80, 0x18, 0x60, 0x10, 0x80,
  0x7c, 0x60, 0x26, 0x02, 0x7e, 0x73, 0xa9, 0x79, 0x14, 0x77, 0xcf, 0x26,
  0x3e, 0x3c, 0x60, 0x00, 0xa9, 0x0c, 0xd6, 0x66, 0xac, 0xcf, 0x59, 0xff,
  0xf3, 0xa0, 0xc4, 0x2c, 0x16, 0x20, 0x8e, 0x14, 0x00, 0xfe, 0xca, 0x68,
  0xee, 0x9f, 0xf0, 0xc9, 0x77, 0xaf, 0xf7, 0x1d, 0x4d, 0x32, 0x9f, 0x12,
  0x2c, 0x63, 0x38, 0xd5, 0xa7, 0x77, 0xfd, 0x28, 0xba, 0x85, 0xfe, 0x5a,
  0x8f, 0x8e, 0x2b, 0x28, 0xe4, 0xbd, 0x6f, 0x95, 0xd6, 0x97, 0xb7, 0x2c,
  0x94, 0xc6, 0xea, 0x57, 0xed, 0xf4, 0xdd, 0xda, 0x85, 0x4c, 0x41, 0x4d,
  0x45, 0x33, 0x2e, 0x31, 0x30, 0x31, 0x20, 0x28, 0x62, 0x65, 0x74, 0x61,
  0x20, 0x33, 0x29, 0x55, 0x55, 0x55, 0x55, 0x55, 0x55, 0x55, 0x55, 0x55,
  0x55, 0x55, 0x55, 0x55, 0x55, 0x55, 0x55, 0x55, 0x55, 0x55, 0x55, 0x55,
  0x55, 0x55, 0x55, 0x55, 0x55, 0x55, 0x55, 0x55, 0x55, 0x55, 0x55, 0x55,
  0x55, 0x55, 0x55, 0x55, 0x55, 0x55, 0x55, 0x55, 0x55, 0x55, 0x55, 0x55,
  0x55, 0x55, 0x55, 0x55, 0x55, 0x55, 0x55, 0x55, 0x55, 0x55, 0x55, 0x55,
  0x55, 0x55, 0x55, 0x55, 0x55, 0x55, 0x55, 0x55, 0x55, 0x55, 0x55, 0x55,
  0x55, 0x55, 0x55, 0x55, 0x55, 0x55, 0x55, 0x55, 0x55, 0x55, 0x55, 0x55,
  0x55, 0x55, 0x55, 0x55, 0x55, 0x55, 0x55, 0x55, 0x55, 0x55, 0x55, 0x55,
  0x55, 0x55, 0x55, 0x55, 0x55, 0x55, 0x55, 0x55, 0x55, 0x55, 0x55, 0x55,
  0x55, 0x55, 0x55, 0x55, 0x55, 0x55, 0x55, 0x55, 0x55, 0x55, 0x55, 0x55,
  0x55, 0x55, 0x55, 0x55, 0x55, 0x55, 0x55, 0x55, 0x55, 0x55, 0x55, 0x55,
  0x55, 0x55, 0x55, 0x55, 0x55, 0x55, 0x55, 0x55, 0x55, 0x55, 0x55, 0x55,
  0x55, 0x55, 0x55, 0x55, 0x55, 0x55, 0x55, 0x55, 0x55, 0x55, 0x55, 0x55,
  0x55, 0x55, 0x55, 0x55, 0x55, 0x55, 0x55, 0x55, 0x55, 0x55, 0x55, 0x55,
  0x55, 0x55, 0x55, 0x55, 0x55, 0x55, 0x55, 0x55, 0x55, 0x55, 0x55, 0x55,
  0x55, 0x55, 0x55, 0x55, 0x55, 0x55, 0x55, 0x55, 0x55, 0x55, 0x55, 0x55,
  0x55, 0x55, 0xee, 0x39, 0x52, 0xc6, 0x92, 0xf4, 0xc2, 0xb3, 0x0c, 0x40,
  0xc0, 0x2f, 0x00, 0x28, 0xc0, 0x18, 0x00, 0x34, 0xc0, 0x1e, 0x00, 0xfc,
  0xc0, 0x49, 0x05, 0x10, 0xe5, 0x37, 0xf5, 0xdc, 0xec, 0xde, 0x8c, 0x68,
  0x84, 0x02, 0x08, 0x8f, 0x2d, 0x6a, 0x64, 0x78, 0x2b, 0xae, 0x7f, 0x5b,
  0xff, 0xf3, 0xa2, 0xc4, 0x2e, 0x16, 0xe8, 0x8e, 0x14, 0x00, 0xfe, 0xca,
  0x64, 0x5c, 0x1f, 0x70, 0x3d, 0x73, 0x3c, 0xf2, 0x28, 0xfd, 0x22, 0xab,
  0xf8, 0xd5, 0x6a, 0x3f, 0xe9, 0xfa, 0x74, 0x24, 0xfd, 0xb5, 0x62, 0xd3,
  0x0b, 0x4f, 0x17, 0xd2, 0x3e, 0xe1, 0xeb, 0xa5, 0xd7, 0xb5, 0xda, 0xd8,
  0x39, 0x75, 0xeb, 0xa6, 0xb7, 0x78, 0x5a, 0xc4, 0xdf, 0xdb, 0x5a, 0x4c,
  0x41, 0x4d, 0x45, 0x33, 0x2e, 0x31, 0x30, 0x31, 0x20, 0x28, 0x62, 0x65,
  0x74, 0x61, 0x20, 0x33, 0x29, 0xaa, 0xaa, 0xaa, 0xaa, 0xaa, 0xaa, 0xaa,
  0xaa, 0xaa, 0xaa, 0xaa, 0xaa, 0xaa, 0xaa, 0xaa, 0xaa, 0xaa, 0xaa, 0xaa,
  0xaa, 0xaa, 0xaa, 0xaa, 0xaa, 0xaa, 0xaa, 0xaa, 0xaa, 0xaa, 0xaa, 0xaa,
  0xaa, 0xaa, 0xaa, 0xaa, 0xaa, 0xaa, 0xaa, 0xaa, 0xaa, 0xaa, 0xaa, 0xaa,
  0xaa, 0xaa, 0xaa, 0xaa, 0xaa, 0xaa, 0xaa, 0xaa, 0xaa, 0xaa, 0xaa, 0xaa,
  0xaa, 0xaa, 0xaa, 0xaa, 0xaa, 0xaa, 0xaa, 0xaa, 0xaa, 0xaa, 0xaa, 0xaa,
  0xaa, 0xaa, 0xaa, 0xaa, 0xaa, 0xaa, 0xaa, 0xaa, 0xaa, 0xaa, 0xaa, 0xaa,
  0xaa, 0xaa, 0xaa, 0xaa, 0xaa, 0xaa, 0xaa, 0xaa, 0xaa, 0xaa, 0xaa, 0xaa,
  0xaa, 0xaa, 0xaa, 0xaa, 0xaa, 0xaa, 0xaa, 0xaa, 0xaa, 0xaa, 0xaa, 0xaa,
  0xaa, 0xaa, 0xaa, 0xaa, 0xaa, 0xaa, 0xaa, 0xaa, 0xaa, 0xaa, 0xaa, 0xaa,
  0xaa, 0xaa, 0xaa, 0xaa, 0xaa, 0xaa, 0xaa, 0xaa, 0xaa, 0xaa, 0xaa, 0xaa,
  0xaa, 0xaa, 0xaa, 0xaa, 0xaa, 0xaa, 0xaa, 0xaa, 0xaa, 0xaa, 0xaa, 0xaa,
  0xaa, 0xaa, 0xaa, 0xaa, 0xaa, 0xaa, 0xaa, 0xaa, 0xaa, 0xaa, 0xaa, 0xaa,
  0xaa, 0xaa, 0xaa, 0xaa, 0xaa, 0xaa, 0xaa, 0xaa, 0xaa, 0xaa, 0xaa, 0xaa,
  0xaa, 0xaa, 0xaa, 0xaa, 0xaa, 0xaa, 0xaa, 0xaa, 0xaa, 0xaa, 0xaa, 0xaa,
  0xaa, 0xaa, 0xaa, 0xaa, 0xaa, 0xaa, 0xaa, 0xaa, 0xaa, 0xaa, 0xaa, 0xaa,
  0xaa, 0xaa, 0xaa, 0xaa, 0xaa, 0xc7, 0x2c, 0x6d, 0x43, 0xaa, 0x04, 0x61,
  0x5e, 0x05, 0xc2, 0x60, 0x17, 0x00, 0x12, 0x60, 0x0c, 0x80, 0x18, 0x60,
  0x0f, 0x80, 0x7c, 0x60, 0x21, 0x02, 0x92, 0x71, 0x83, 0x7c, 0xa4, 0x74,
  0xcf, 0xa6, 0x32, 0x40, 0x00, 0x05, 0x47, 0xa7, 0x06, 0x80, 0x70, 0x30,
  0xab, 0xfd, 0xff, 0xf3, 0xa0, 0xc4, 0x2d, 0x16, 0x78, 0xea, 0x14, 0x00,
  0xfe, 0xca, 0x64, 0xfe, 0x80, 0x9e, 0xb9, 0x7e, 0xbe, 0xdb, 0x8a, 0xcf,
  0x55, 0x1c, 0x1c, 0x5e, 0x71, 0x85, 0x7f, 0x6b, 0x65, 0x3a, 0x59, 0xed,
  0xbb, 0x16, 0xf4, 0x8c, 0xed, 0xd8, 0xce, 0xd9, 0x52, 0x8e, 0xb1, 0x37,
  0x3e, 0xc2, 0x3c, 0x9e, 0xaf, 0x7c, 0xe2, 0xd3, 0xb5, 0x1f, 0xf4, 0xdd,
  0x4c, 0x41, 0x4d, 0x45, 0x33, 0x2e, 0x31, 0x30, 0x31, 0x20, 0x28, 0x62,
  0x65, 0x74, 0x61, 0x20, 0x33, 0x29, 0x55, 0x55, 0x55, 0x55, 0x55, 0x55,
  0x55, 0x55, 0x55, 0x55, 0x55, 0x55, 0x55, 0x55, 0x55, 0x55, 0x55, 0x55,
  0x55, 0x55, 0x55, 0x55, 0x55, 0x55, 0x55, 0x55, 0x55, 0x55, 0x55, 0x55,
  0x55, 0x55, 0x55, 0x55, 0x55, 0x55, 0x55, 0x55, 0x55, 0x55, 0x55, 0x55,
  0x55, 0x55, 0x55, 0x55, 0x55, 0x55, 0x55, 0x55, 0x55, 0x55, 0x55, 0x55,
  0x55, 0x55, 0x55, 0x55, 0x55, 0x55, 0x55, 0x55, 0x55, 0x55, 0x55, 0x55,
  0x55, 0x55, 0x55, 0x55, 0x55, 0x55, 0x55, 0x55, 0x55, 0x55, 0x55, 0x55,
  0x55, 0x55, 0x55, 0x55, 0x55, 0x55, 0x55, 0x55, 0x55, 0x55, 0x55, 0x55,
  0x55, 0x55, 0x55, 0x55, 0x55, 0x55, 0x55, 0x55, 0x55, 0x55, 0x55, 0x55,
  0x55, 0x55, 0x55, 0x55, 0x55, 0x55, 0x55, 0x55, 0x55, 0x55, 0x55, 0x55,
  0x55, 0x55, 0x55, 0x55, 0x55, 0x55, 0x55, 0x55, 0x55, 0x55, 0x55, 0x55,
  0x55, 0x55, 0x55, 0x55, 0x55, 0x55, 0x55, 0x55, 0x55, 0x55, 0x55, 0x55,
  0x55, 0x55, 0x55, 0x55, 0x55, 0x55, 0x55, 0x55, 0x55, 0x55, 0x55, 0x55,
  0x55, 0x55, 0x55, 0x55, 0x55, 0x55, 0x55, 0x55, 0x55, 0x55, 0x55, 0x55,
  0x55, 0x55, 0x55, 0x55, 0x55, 0x55, 0x55, 0x55, 0x55, 0x55, 0x55, 0x55,
  0x55, 0x55, 0x55, 0x55, 0x55, 0x55, 0x55, 0x55, 0x55, 0x55, 0x55, 0x55,
  0x55, 0x55, 0x55, 0x55, 0x55, 0x55, 0x55, 0xcb, 0x9d, 0xb3, 0x16, 0x50,
  0x53, 0x0b, 0x14, 0x2a, 0xe3, 0x00, 0xc4, 0x00, 0x63, 0x00, 0x60, 0x00,
  0xb3, 0x00, 0x70, 0x03, 0xf3, 0x00, 0xfc, 0x14, 0xc3, 0x82, 0xff, 0xf1,
  0xb3, 0x9b, 0x7e, 0x31, 0x42, 0x30, 0x28, 0x32, 0x54, 0xb4, 0xa9, 0x28,
  0x68, 0x28, 0xb2, 0xff, 0xf3, 0xa2, 0xc4, 0x2c, 0x16, 0x48, 0xee, 0x14,
  0x00, 0xfe, 0xca, 0x64, 0xe7, 0xda, 0xbe, 0x0f, 0xf6, 0x73, 0x6f, 0x7f,
  0x97, 0x8b, 0x57, 0xb6, 0xca, 0x6b, 0x2a, 0x84, 0xb3, 0xa8, 0xa7, 0x6f,
  0xf9, 0x6a, 0x75, 0x76, 0x52, 0xf9, 0x89, 0x99, 0x3e, 0xae, 0x7f, 0x32,
  0xda, 0x7a, 0x0e, 0x75, 0x97, 0xb6, 0x8d, 0xc5, 0x77, 0x78, 0xbd, 0xff,
  0xcb, 0x2a, 0x4c, 0x41, 0x4d, 0x45, 0x33, 0x2e, 0x31, 0x30, 0x31, 0x20,
  0x28, 0x62, 0x65, 0x74, 0x61, 0x20, 0x33, 0x29, 0xaa, 0xaa, 0xaa, 0xaa,
  0xaa, 0xaa, 0xaa, 0xaa, 0xaa, 0xaa, 0xaa, 0xaa, 0xaa, 0xaa, 0xaa, 0xaa,
  0xaa, 0xaa, 0xaa, 0xaa, 0xaa, 0xaa, 0xaa, 0xaa, 0xaa, 0xaa, 0xaa, 0xaa,
  0xaa, 0xaa, 0xaa, 0xaa, 0xaa, 0xaa, 0xaa, 0xaa, 0xaa, 0xaa, 0xaa, 0xaa,
  0xaa, 0xaa, 0xaa, 0xaa, 0xaa, 0xaa, 0xaa, 0xaa, 0xaa, 0xaa, 0xaa, 0xaa,
  0xaa, 0xaa, 0xaa, 0xaa, 0xaa, 0xaa, 0xaa, 0xaa, 0xaa, 0xaa, 0xaa, 0xaa,
  0xaa, 0xaa, 0xaa, 0xaa, 0xaa, 0xaa, 0xaa, 0xaa, 0xaa, 0xaa, 0xaa, 0xaa,
  0xaa, 0xaa, 0xaa, 0xaa, 0xaa, 0xaa, 0xaa, 0xaa, 0xaa, 0xaa, 0xaa, 0xaa,
  0xaa, 0xaa, 0xaa, 0xaa, 0xaa, 0xaa, 0xaa, 0xaa, 0xaa, 0xaa, 0xaa, 0xaa,
  0xaa, 0xaa, 0xaa, 0xaa, 0xaa, 0xaa, 0xaa, 0xaa, 0xaa, 0xaa, 0xaa, 0xaa,
  0xaa, 0xaa, 0xaa, 0xaa, 0xaa, 0xaa, 0xaa, 0xaa, 0xaa, 0xaa, 0xaa, 0xaa,
  0xaa, 0xaa, 0xaa, 0xaa, 0xaa, 0xaa, 0xaa, 0xaa, 0xaa, 0xaa, 0xaa, 0xaa,
  0xaa, 0xaa, 0xaa, 0xaa, 0xaa, 0xaa, 0xaa, 0xaa, 0xaa, 0xaa, 0xaa, 0xaa,
  0xaa, 0xaa, 0xaa, 0xaa, 0xaa, 0xaa, 0xaa, 0xaa, 0xaa, 0xaa, 0xaa, 0xaa,
  0xaa, 0xaa, 0xaa, 0xaa, 0xaa, 0xaa, 0xaa, 0xaa, 0xaa, 0xaa, 0xaa, 0xaa,
  0xaa, 0xaa, 0xaa, 0xaa, 0xaa, 0xaa, 0xaa, 0xaa, 0xaa, 0xaa, 0xaa, 0xaa,
  0xaa, 0xaa, 0xaa, 0xaa, 0xaa, 0xaa, 0xaa, 0xaa, 0xe6, 0x58, 0xda, 0x8a,
  0xa8, 0x31, 0x85, 0x98, 0x13, 0xd9, 0x80, 0x60, 0x00, 0x29, 0x80, 0x32,
  0x00, 0x51, 0x80, 0x36, 0x02, 0x01, 0x80, 0x70, 0x0a, 0x89, 0xbc, 0xc1,
  0xfe, 0x71, 0xc6, 0x40, 0x98, 0x99, 0x10, 0x20, 0x1d, 0x2a, 0x9b, 0x8c,
  0x70, 0x70, 0x33, 0x3b, 0xd3, 0xff, 0xf3, 0xa0, 0xc4, 0x2d, 0x16, 0x80,
  0xea, 0x14, 0x00, 0xfe, 0xca, 0x64, 0xf6, 0xc0, 0x9d, 0x8f, 0x97, 0xff,
  0x6b, 0xa8, 0xed, 0xef, 0xb3, 0xe7, 0x90, 0xd7, 0x68, 0xb6, 0xf1, 0x9f,
  0x77, 0xce, 0x6f, 0x6b, 0x2e, 0xb9, 0x52, 0x17, 0xfd, 0xa7, 0x66, 0xb8,
  0xb3, 0x9c, 0x1a, 0xda, 0x71, 0x7d, 0xfd, 0x3b, 0x58, 0xfb, 0xd1, 0xbf,
  0x94, 0xfa, 0xed, 0x4c, 0x41, 0x4d, 0x45, 0x33, 0x2e, 0x31, 0x30, 0x31,
  0x20, 0x28, 0x62, 0x65, 0x74, 0x61, 0x20, 0x33, 0x29, 0xaa, 0xaa, 0xaa,
  0xaa, 0xaa, 0xaa, 0xaa, 0xaa, 0xaa, 0xaa, 0xaa, 0xaa, 0xaa, 0xaa, 0xaa,
  0xaa, 0xaa, 0xaa, 0xaa, 0xaa, 0xaa, 0xaa, 0xaa, 0xaa, 0xaa, 0xaa, 0xaa,
  0xaa, 0xaa, 0xaa, 0xaa, 0xaa, 0xaa, 0xaa, 0xaa, 0xaa, 0xaa, 0xaa, 0xaa,
  0xaa, 0xaa, 0xaa, 0xaa, 0xaa, 0xaa, 0xaa, 0xaa, 0xaa, 0xaa, 0xaa, 0xaa,
  0xaa, 0xaa, 0xaa, 0xaa, 0xaa, 0xaa, 0xaa, 0xaa, 0xaa, 0xaa, 0xaa, 0xaa,
  0xaa, 0xaa, 0xaa, 0xaa, 0xaa, 0xaa, 0xaa, 0xaa, 0xaa, 0xaa, 0xaa, 0xaa,
  0xaa, 0xaa, 0xaa, 0xaa, 0xaa, 0xaa, 0xaa, 0xaa, 0xaa, 0xaa, 0xaa, 0xaa,
  0xaa, 0xaa, 0xaa, 0xaa, 0xaa, 0xaa, 0xaa, 0xaa, 0xaa, 0xaa, 0xaa, 0xaa,
  0xaa, 0xaa, 0xaa, 0xaa, 0xaa, 0xaa, 0xaa, 0xaa, 0xaa, 0xaa, 0xaa, 0xaa,
  0xaa, 0xaa, 0xaa, 0xaa, 0xaa, 0xaa, 0xaa, 0xaa, 0xaa, 0xaa, 0xaa, 0xaa,
  0xaa, 0xaa, 0xaa, 0xaa, 0xaa, 0xaa, 0xaa, 0xaa, 0xaa, 0xaa, 0xaa, 0xaa,
  0xaa, 0xaa, 0xaa, 0xaa, 0xaa, 0xaa, 0xaa, 0xaa, 0xaa, 0xaa, 0xaa, 0xaa,
  0xaa, 0xaa, 0xaa, 0xaa, 0xaa, 0xaa, 0xaa, 0xaa, 0xaa, 0xaa, 0xaa, 0xaa,
  0xaa, 0xaa, 0xaa, 0xaa, 0xaa, 0xaa, 0xaa, 0xaa, 0xaa, 0xaa, 0xaa, 0xaa,
  0xaa, 0xaa, 0xaa, 0xaa, 0xaa, 0xaa, 0xaa, 0xaa, 0xaa, 0xaa, 0xaa, 0xaa,
  0xaa, 0xaa, 0xaa, 0xaa, 0xaa, 0xaa, 0xaa, 0xaa, 0xaa, 0xaa, 0xaa, 0xaa,
  0xaa, 0xaa, 0xaa, 0xaa, 0xaa, 0xaa, 0xaa, 0xaa, 0xaa, 0xaa, 0xaa, 0xaa,
  0xaa, 0xaa, 0xef, 0x3b, 0x66, 0x5c, 0xba, 0x4c, 0x27, 0x90, 0x7e, 0x80,
  0x40, 0x29, 0x18, 0x02, 0x00, 0x02, 0x98, 0x02, 0x40, 0x1a, 0x98, 0x05,
  0x60, 0x93, 0x1b, 0x0f, 0xfc, 0x49, 0xff, 0xf3, 0xa2, 0xc4, 0x1c, 0x12,
  0x60, 0xea, 0x18, 0x00, 0xfe, 0x84, 0x64, 0x9e, 0xdd, 0xc6, 0x20, 0xd8,
  0x54, 0x12, 0xaa, 0xba, 0x51, 0xf1, 0xc4, 0x8a, 0x6f, 0xf2, 0x70, 0x3d,
  0xfb, 0xa7, 0xff, 0xe3, 0xdb, 0x77, 0xe7, 0x0e, 0x8e, 0x5f, 0x47, 0xaf,
  0xff, 0xff, 0xfb, 0xef, 0x5f, 0xf3, 0x3d, 0xb9, 0xee, 0x9f, 0x6b, 0x72,
  0x3f, 0xa3, 0xec, 0xde, 0x8a, 0x4c, 0x41, 0x4d, 0x45, 0x33, 0x2e, 0x31,
  0x30, 0x31, 0x20, 0x28, 0x62, 0x65, 0x74, 0x61, 0x20, 0x33, 0x29, 0xaa,
  0xaa, 0xaa, 0xaa, 0xaa, 0xaa, 0xaa, 0xaa, 0xaa, 0xaa, 0xaa, 0xaa, 0xaa,
  0xaa, 0xaa, 0xaa, 0xaa, 0xaa, 0xaa, 0xaa, 0xaa, 0xaa, 0xaa, 0xaa, 0xaa,
  0xaa, 0xaa, 0xaa, 0xaa, 0xaa, 0xaa, 0xaa, 0xaa, 0xaa, 0xaa, 0xaa, 0xaa,
  0xaa, 0xaa, 0xaa, 0xaa, 0xaa, 0xaa, 0xaa, 0xaa, 0xaa, 0xaa, 0xaa, 0xaa,
  0xaa, 0xaa, 0xaa, 0xaa, 0xaa, 0xaa, 0xaa, 0xaa, 0xaa, 0xaa, 0xaa, 0xaa,
  0xaa, 0xaa, 0xaa, 0xaa, 0xaa, 0xaa, 0xaa, 0xaa, 0xaa, 0xaa, 0xaa, 0xaa,
  0xaa, 0xaa, 0xaa, 0xaa, 0xaa, 0xaa, 0xaa, 0xaa, 0xaa, 0xaa, 0xaa, 0xaa,
  0xaa, 0xaa, 0xaa, 0xaa, 0xaa, 0xaa, 0xaa, 0xaa, 0xaa, 0xaa, 0xaa, 0xaa,
  0xaa, 0xaa, 0xaa, 0xaa, 0xaa, 0xaa, 0xaa, 0xaa, 0xaa, 0xaa, 0xaa, 0xaa,
  0xaa, 0xaa, 0xaa, 0xaa, 0xaa, 0xaa, 0xaa, 0xaa, 0xaa, 0xaa, 0xaa, 0xaa,
  0xaa, 0xaa, 0xaa, 0xaa, 0xaa, 0xaa, 0xaa, 0xaa, 0xaa, 0xaa, 0xaa, 0xaa,
  0xaa, 0xaa, 0xaa, 0xaa, 0xaa, 0xaa, 0xaa, 0xaa, 0xaa, 0xaa, 0xaa, 0xaa,
  0xaa, 0xaa, 0xaa, 0xaa, 0xaa, 0xaa, 0xaa, 0xaa, 0xaa, 0xaa, 0xaa, 0xaa,
  0xaa, 0xaa, 0xaa, 0xaa, 0xaa, 0xaa, 0xaa, 0xaa, 0xaa, 0xaa, 0xaa, 0xaa,
  0xaa, 0xaa, 0xaa, 0xaa, 0xaa, 0xaa, 0xaa, 0xaa, 0xaa, 0xaa, 0xaa, 0xaa,
  0xaa, 0xaa, 0xaa, 0xaa, 0xaa, 0xaa, 0xaa, 0xaa, 0xaa, 0xaa, 0xaa, 0xaa,
  0xaa, 0xaa, 0xaa, 0xaa, 0xaa, 0xaa, 0xaa, 0xaa, 0xaa, 0xaa, 0xc7, 0xbc,
  0xb5, 0x2d, 0x60, 0xc6, 0x13, 0xf0, 0x39, 0x20, 0x60, 0x14, 0x4c, 0x01,
  0x10, 0x01, 0x0c, 0x01, 0x30, 0x0d, 0x0c, 0x02, 0x40, 0x4a, 0x4d, 0x63,
  0xae, 0x44, 0x0f, 0x06, 0xf3, 0x0a, 0x68, 0x2c, 0xff, 0xf3, 0xa0, 0xc4,
  0x22, 0x13, 0x98, 0xee, 0x18, 0x00, 0xfe, 0x84, 0x68, 0x0d, 0x55, 0x9e,
  0x19, 0x8b, 0x14, 0x77, 0xbb, 0xff, 0xdc, 0x03, 0xd5, 0xeb, 0xff, 0xb6,
  0xc3, 0x5b, 0xea, 0xeb, 0x4a, 0x9d, 0xf5, 0xf7, 0xf4, 0x77, 0x2e, 0xae,
  0xcf, 0x47, 0x5e, 0xbb, 0x35, 0xf3, 0x37, 0xdd, 0x56, 0x87, 0x77, 0xec,
  0xa6, 0x85, 0x23, 0x7d, 0x71, 0xd5, 0x4c, 0x41, 0x4d, 0x45, 0x33, 0x2e,
  0x31, 0x30, 0x31, 0x20, 0x28, 0x62, 0x65, 0x74, 0x61, 0x20, 0x33, 0x29,
  0x55, 0x55, 0x55, 0x55, 0x55, 0x55, 0x55, 0x55, 0x55, 0x55, 0x55, 0x55,
  0x55, 0x55, 0x55, 0x55, 0x55, 0x55, 0x55, 0x55, 0x55, 0x55, 0x55, 0x55,
  0x55, 0x55, 0x55, 0x55, 0x55, 0x55, 0x55, 0x55, 0x55, 0x55, 0x55, 0x55,
  0x55, 0x55, 0x55, 0x55, 0x55, 0x55, 0x55, 0x55, 0x55, 0x55, 0x55, 0x55,
  0x55, 0x55, 0x55, 0x55, 0x55, 0x55, 0x55, 0x55, 0x55, 0x55, 0x55, 0x55,
  0x55, 0x55, 0x55, 0x55, 0x55, 0x55, 0x55, 0x55, 0x55, 0x55, 0x55, 0x55,
  0x55, 0x55, 0x55, 0x55, 0x55, 0x55, 0x55, 0x55, 0x55, 0x55, 0x55, 0x55,
  0x55, 0x55, 0x55, 0x55, 0x55, 0x55, 0x55, 0x55, 0x55, 0x55, 0x55, 0x55,
  0x55, 0x55, 0x55, 0x55, 0x55, 0x55, 0x55, 0x55, 0x55, 0x55, 0x55, 0x55,
  0x55, 0x55, 0x55, 0x55, 0x55, 0x55, 0x55, 0x55, 0x55, 0x55, 0x55, 0x55,
  0x55, 0x55, 0x55, 0x55, 0x55, 0x55, 0x55, 0x55, 0x55, 0x55, 0x55, 0x55,
  0x55, 0x55, 0x55, 0x55, 0x55, 0x55, 0x55, 0x55, 0x55, 0x55, 0x55, 0x55,
  0x55, 0x55, 0x55, 0x55, 0x55, 0x55, 0x55, 0x55, 0x55, 0x55, 0x55, 0x55,
  0x55, 0x55, 0x55, 0x55, 0x55, 0x55, 0x55, 0x55, 0x55, 0x55, 0x55, 0x55,
  0x55, 0x55, 0x55, 0x55, 0x55, 0x55, 0x55, 0x55, 0x55, 0x55, 0x55, 0x55,
  0x55, 0x55, 0x55, 0x55, 0x55, 0x55, 0x55, 0x55, 0x55, 0x55, 0x55, 0x55,
  0x55, 0x55, 0x55, 0x55, 0x55, 0x55, 0x55, 0x55, 0x55, 0x55, 0x55, 0x55,
  0x55, 0xcb, 0x96, 0xaf, 0x4f, 0x30, 0x53, 0xa1, 0x59, 0x40, 0x50, 0xa4,
  0x60, 0x80, 0x06, 0x60, 0x08, 0x00, 0x6a, 0x60, 0x10, 0x82, 0x58, 0x69,
  0xee, 0xf2, 0xfe, 0x07, 0x57, 0x80, 0x18, 0x23, 0x60, 0xff, 0xf3, 0xa2,
  0xc4, 0x20, 0x13, 0x80, 0xee, 0x18, 0x00, 0xef, 0xe8, 0x40, 0x3c, 0x10,
  0x74, 0x23, 0x3c, 0x47, 0x95, 0xca, 0xa7, 0xdb, 0x7f, 0xa1, 0xb1, 0x7f,
  0x7e, 0xea, 0xf7, 0xff, 0x9b, 0xfe, 0x46, 0xca, 0x91, 0x7f, 0xd5, 0xfe,
  0x9d, 0xea, 0xaf, 0x55, 0xf6, 0x7a, 0x96, 0x8f, 0xf5, 0x55, 0x4e, 0xae,
  0xc7, 0xf5, 0x94, 0xb5, 0x5e, 0xbd, 0xdd, 0xeb, 0x4c, 0x41, 0x4d, 0x45,
  0x33, 0x2e, 0x31, 0x30, 0x31, 0x20, 0x28, 0x62, 0x65, 0x74, 0x61, 0x20,
  0x33, 0x29, 0x55, 0x55, 0x55, 0x55, 0x55, 0x55, 0x55, 0x55, 0x55, 0x55,
  0x55, 0x55, 0x55, 0x55, 0x55, 0x55, 0x55, 0x55, 0x55, 0x55, 0x55, 0x55,
  0x55, 0x55, 0x55, 0x55, 0x55, 0x55, 0x55, 0x55, 0x55, 0x55, 0x55, 0x55,
  0x55, 0x55, 0x55, 0x55, 0x55, 0x55, 0x55, 0x55, 0x55, 0x55, 0x55, 0x55,
  0x55, 0x55, 0x55, 0x55, 0x55, 0x55, 0x55, 0x55, 0x55, 0x55, 0x55, 0x55,
  0x55, 0x55, 0x55, 0x55, 0x55, 0x55, 0x55, 0x55, 0x55, 0x55, 0x55, 0x55,
  0x55, 0x55, 0x55, 0x55, 0x55, 0x55, 0x55, 0x55, 0x55, 0x55, 0x55, 0x55,
  0x55, 0x55, 0x55, 0x55, 0x55, 0x55, 0x55, 0x55, 0x55, 0x55, 0x55, 0x55,
  0x55, 0x55, 0x55, 0x55, 0x55, 0x55, 0x55, 0x55, 0x55, 0x55, 0x55, 0x55,
  0x55, 0x55, 0x55, 0x55, 0x55, 0x55, 0x55, 0x55, 0x55, 0x55, 0x55, 0x55,
  0x55, 0x55, 0x55, 0x55, 0x55, 0x55, 0x55, 0x55, 0x55, 0x55, 0x55, 0x55,
  0x55, 0x55, 0x55, 0x55, 0x55, 0x55, 0x55, 0x55, 0x55, 0x55, 0x55, 0x55,
  0x55, 0x55, 0x55, 0x55, 0x55, 0x55, 0x55, 0x55, 0x55, 0x55, 0x55, 0x55,
  0x55, 0x55, 0x55, 0x55, 0x55, 0x55, 0x55, 0x55, 0x55, 0x55, 0x55, 0x55,
  0x55, 0x55, 0x55, 0x55, 0x55, 0x55, 0x55, 0x55, 0x55, 0x55, 0x55, 0x55,
  0x55, 0x55, 0x55, 0x55, 0x55, 0x55, 0x55, 0x55, 0x55, 0x55, 0x55, 0x55,
  0x55, 0x55, 0x55, 0x55, 0x55, 0x55, 0x55, 0x55, 0x55, 0x55, 0x55, 0xe7,
  0x79, 0x6a, 0x75, 0x93, 0x1d, 0x10, 0xaf, 0x82, 0x85, 0x13, 0x04, 0x40,
  0x23, 0x00, 0x3c, 0x03, 0x43, 0x00, 0x68, 0x12, 0xf3, 0x45, 0x83, 0x9d,
  0xc0, 0x38, 0xdc, 0x40, 0x04, 0xe0, 0x10, 0x06, 0x1e, 0xd0, 0xce, 0xff,
  0xf3, 0xa0, 0xc4, 0x24, 0x14, 0x21, 0x4a, 0x18, 0x00, 0xef, 0xe8, 0x40,
  0x90, 0xc3, 0x42, 0xd9, 0xef, 0xfd, 0xf2, 0xe7, 0x53, 0x68, 0xff, 0xfe,
  0x87, 0xea, 0xff, 0xfe, 0x7e, 0xb1, 0x5f, 0xb7, 0x37, 0xf4, 0xfc, 0xd2,
  0x67, 0xda, 0xdb, 0xb5, 0xd0, 0x9f, 0xed, 0xb7, 0x89, 0x1b, 0x77, 0x6f,
  0xed, 0xa3, 0xb1, 0x89, 0x7f, 0xf5, 0x57, 0xd6, 0xb5, 0x4c, 0x41, 0x4d,
  0x45, 0x33, 0x2e, 0x31, 0x30, 0x31, 0x20, 0x28, 0x62, 0x65, 0x74, 0x61,
  0x20, 0x33, 0x29, 0x55, 0x55, 0x55, 0x55, 0x55, 0x55, 0x55, 0x55, 0x55,
  0x55, 0x55, 0x55, 0x55, 0x55, 0x55, 0x55, 0x55, 0x55, 0x55, 0x55, 0x55,
  0x55, 0x55, 0x55, 0x55, 0x55, 0x55, 0x55, 0x55, 0x55, 0x55, 0x55, 0x55,
  0x55, 0x55, 0x55, 0x55, 0x55, 0x55, 0x55, 0x55, 0x55, 0x55, 0x55, 0x55,
  0x55, 0x55, 0x55, 0x55, 0x55, 0x55, 0x55, 0x55, 0x55, 0x55, 0x55, 0x55,
  0x55, 0x55, 0x55, 0x55, 0x55, 0x55, 0x55, 0x55, 0x55, 0x55, 0x55, 0x55,
  0x55, 0x55, 0x55, 0x55, 0x55, 0x55, 0x55, 0x55, 0x55, 0x55, 0x55, 0x55,
  0x55, 0x55, 0x55, 0x55, 0x55, 0x55, 0x55, 0x55, 0x55, 0x55, 0x55, 0x55,
  0x55, 0x55, 0x55, 0x55, 0x55, 0x55, 0x55, 0x55, 0x55, 0x55, 0x55, 0x55,
  0x55, 0x55, 0x55, 0x55, 0x55, 0x55, 0x55, 0x55, 0x55, 0x55, 0x55, 0x55,
  0x55, 0x55, 0x55, 0x55, 0x55, 0x55, 0x55, 0x55, 0x55, 0x55, 0x55, 0x55,
  0x55, 0x55, 0x55, 0x55, 0x55, 0x55, 0x55, 0x55, 0x55, 0x55, 0x55, 0x55,
  0x55, 0x55, 0x55, 0x55, 0x55, 0x55, 0x55, 0x55, 0x55, 0x55, 0x55, 0x55,
  0x55, 0x55, 0x55, 0x55, 0x55, 0x55, 0x55, 0x55, 0x55, 0x55, 0x55, 0x55,
  0x55, 0x55, 0x55, 0x55, 0x55, 0x55, 0x55, 0x55, 0x55, 0x55, 0x55, 0x55,
  0x55, 0x55, 0x55, 0x55, 0x55, 0x55, 0x55, 0x55, 0x55, 0x55, 0x55, 0x55,
  0x55, 0x55, 0x55, 0x55, 0x55, 0x55, 0x55, 0x55, 0x55, 0x55, 0x55, 0x55,
  0x55, 0x55, 0x55, 0x55, 0x55, 0x55, 0x55, 0x55, 0x20, 0x1f, 0xae, 0x65,
  0x7a, 0x79, 0xb5, 0x30, 0x8e, 0x40, 0xfe, 0x0c, 0x01, 0x08, 0x04, 0x00,
  0xa9, 0x80, 0x10, 0x01, 0x59, 0x80, 0x1e, 0x08, 0x31, 0x99, 0xdf, 0x98,
  0xff, 0xf3, 0xa0, 0xc4, 0x1c, 0x12, 0x40, 0x8e, 0x1c, 0x48, 0xfe, 0x84,
  0x64, 0x79, 0xaf, 0xc0, 0x0c, 0x2a, 0x82, 0x25, 0xf2, 0xf5, 0x4a, 0xc5,
  0x8c, 0xec, 0x9f, 0xd7, 0x87, 0xea, 0xfe, 0x7d, 0x54, 0x69, 0xb2, 0x92,
  0x84, 0xcd, 0xaf, 0x8c, 0x29, 0x6d, 0xda, 0xff, 0xa3, 0xdd, 0xfe, 0x8f,
  0xfb, 0x57, 0x1b, 0x96, 0xf7, 0x7a, 0xbf, 0xa3, 0x77, 0x8c, 0x4c, 0x41,
  0x4d, 0x45, 0x33, 0x2e, 0x31, 0x30, 0x31, 0x20, 0x28, 0x62, 0x65, 0x74,
  0x61, 0x20, 0x33, 0x29, 0x55, 0x55, 0x55, 0x55, 0x55, 0x55, 0x55, 0x55,
  0x55, 0x55, 0x55, 0x55, 0x55, 0x55, 0x55, 0x55, 0x55, 0x55, 0x55, 0x55,
  0x55, 0x55, 0x55, 0x55, 0x55, 0x55, 0x55, 0x55, 0x55, 0x55, 0x55, 0x55,
  0x55, 0x55, 0x55, 0x55, 0x55, 0x55, 0x55, 0x55, 0x55, 0x55, 0x55, 0x55,
  0x55, 0x55, 0x55, 0x55, 0x55, 0x55, 0x55, 0x55, 0x55, 0x55, 0x55, 0x55,
  0x55, 0x55, 0x55, 0x55, 0x55, 0x55, 0x55, 0x55, 0x55, 0x55, 0x55, 0x55,
  0x55, 0x55, 0x55, 0x55, 0x55, 0x55, 0x55, 0x55, 0x55, 0x55, 0x55, 0x55,
  0x55, 0x55, 0x55, 0x55, 0x55, 0x55, 0x55, 0x55, 0x55, 0x55, 0x55, 0x55,
  0x55, 0x55, 0x55, 0x55, 0x55, 0x55, 0x55, 0x55, 0x55, 0x55, 0x55, 0x55,
  0x55, 0x55, 0x55, 0x55, 0x55, 0x55, 0x55, 0x55, 0x55, 0x55, 0x55, 0x55,
  0x55, 0x55, 0x55, 0x55, 0x55, 0x55, 0x55, 0x55, 0x55, 0x55, 0x55, 0x55,
  0x55, 0x55, 0x55, 0x55, 0x55, 0x55, 0x55, 0x55, 0x55, 0x55, 0x55, 0x55,
  0x55, 0x55, 0x55, 0x55, 0x55, 0x55, 0x55, 0x55, 0x55, 0x55, 0x55, 0x55,
  0x55, 0x55, 0x55, 0x55, 0x55, 0x55, 0x55, 0x55, 0x55, 0x55, 0x55, 0x55,
  0x55, 0x55, 0x55, 0x55, 0x55, 0x55, 0x55, 0x55, 0x55, 0x55, 0x55, 0x55,
  0x55, 0x55, 0x55, 0x55, 0x55, 0x55, 0x55, 0x55, 0x55, 0x55, 0x55, 0x55,
  0x55, 0x55, 0x55, 0x55, 0x55, 0x55, 0x55, 0x55, 0x55, 0x55, 0x55, 0x55,
  0x55, 0x55, 0x55, 0x55, 0x55, 0x55, 0xfe, 0xe3, 0x7e, 0x75, 0x9b, 0x1d,
  0x1c, 0x74, 0x84, 0x0a, 0x26, 0x08, 0x80, 0x06, 0x00, 0x68, 0x06, 0x86,
  0x00, 0x70, 0x26, 0x26, 0x5f, 0x77, 0x4c, 0x80, 0x6a, 0x39, 0x80, 0x69,
  0xc0, 0xff, 0xf3, 0xa2, 0xc4, 0x1f, 0x13, 0x20, 0x8e, 0x18, 0x00, 0xef,
  0xe8, 0x40, 0x28, 0x0c, 0x3f, 0x21, 0x76, 0x43, 0x0b, 0x85, 0xb3, 0xcf,
  0xff, 0xd6, 0x61, 0xa5, 0x7e, 0xac, 0xe7, 0x6b, 0x7d, 0x45, 0xff, 0xd9,
  0xbf, 0xb3, 0xd7, 0x33, 0xd9, 0xe2, 0x9d, 0x5d, 0xcf, 0xd7, 0xdb, 0x6d,
  0xf5, 0xe9, 0x7f, 0x7e, 0xc6, 0xa6, 0x95, 0x69, 0x7d, 0x7f, 0xfe, 0x85,
  0x4c, 0x41, 0x4d, 0x45, 0x33, 0x2e, 0x31, 0x30, 0x31, 0x20, 0x28, 0x62,
  0x65, 0x74, 0x61, 0x20, 0x33, 0x29, 0x55, 0x55, 0x55, 0x55, 0x55, 0x55,
  0x55, 0x55, 0x55, 0x55, 0x55, 0x55, 0x55, 0x55, 0x55, 0x55, 0x55, 0x55,
  0x55, 0x55, 0x55, 0x55, 0x55, 0x55, 0x55, 0x55, 0x55, 0x55, 0x55, 0x55,
  0x55, 0x55, 0x55, 0x55, 0x55, 0x55, 0x55, 0x55, 0x55, 0x55, 0x55, 0x55,
  0x55, 0x55, 0x55, 0x55, 0x55, 0x55, 0x55, 0x55, 0x55, 0x55, 0x55, 0x55,
  0x55, 0x55, 0x55, 0x55, 0x55, 0x55, 0x55, 0x55, 0x55, 0x55, 0x55, 0x55,
  0x55, 0x55, 0x55, 0x55, 0x55, 0x55, 0x55, 0x55, 0x55, 0x55, 0x55, 0x55,
  0x55, 0x55, 0x55, 0x55, 0x55, 0x55, 0x55, 0x55, 0x55, 0x55, 0x55, 0x55,
  0x55, 0x55, 0x55, 0x55, 0x55, 0x55, 0x55, 0x55, 0x55, 0x55, 0x55, 0x55,
  0x55, 0x55, 0x55, 0x55, 0x55, 0x55, 0x55, 0x55, 0x55, 0x55, 0x55, 0x55,
  0x55, 0x55, 0x55, 0x55, 0x55, 0x55, 0x55, 0x55, 0x55, 0x55, 0x55, 0x55,
  0x55, 0x55, 0x55, 0x55, 0x55, 0x55, 0x55, 0x55, 0x55, 0x55, 0x55, 0x55,
  0x55, 0x55, 0x55, 0x55, 0x55, 0x55, 0x55, 0x55, 0x55, 0x55, 0x55, 0x55,
  0x55, 0x55, 0x55, 0x55, 0x55, 0x55, 0x55, 0x55, 0x55, 0x55, 0x55, 0x55,
  0x55, 0x55, 0x55, 0x55, 0x55, 0x55, 0x55, 0x55, 0x55, 0x55, 0x55, 0x55,
  0x55, 0x55, 0x55, 0x55, 0x55, 0x55, 0x55, 0x55, 0x55, 0x55, 0x55, 0x55,
  0x55, 0x55, 0x55, 0x55, 0x55, 0x55, 0x55, 0x55, 0x55, 0x55, 0x55, 0x55,
  0x55, 0x55, 0x55, 0x55, 0x55, 0x55, 0x55, 0x55, 0x55, 0x55, 0x55, 0x55,
  0x55, 0x55, 0x55, 0x55, 0x55, 0x55, 0x55, 0x55, 0x80, 0x01, 0x18, 0x45,
  0xfd, 0xd7, 0x6b, 0x38, 0x64, 0xe3, 0xa3, 0xc1, 0xe0, 0x32, 0x74, 0x85,
  0x80, 0x09, 0x0b, 0xff, 0xf3, 0xa0, 0xc4, 0x13, 0x0f, 0xf0, 0x4e, 0x31,
  0xb4, 0x3f, 0x3e, 0x20, 0x80, 0xf8, 0x62, 0x00, 0xb5, 0x92, 0x09, 0x00,
  0x91, 0x1d, 0x5b, 0xb4, 0x13, 0x41, 0x5f, 0x33, 0x2a, 0xe5, 0x6b, 0xea,
  0xfe, 0xd5, 0xfa, 0x7c, 0xa2, 0xde, 0xde, 0xbd, 0xb7, 0x7f, 0xe8, 0xff,
  0xe3, 0xa6, 0xe8, 0xfd, 0x3f, 0xab, 0xdd, 0xfd, 0x7f, 0xdd, 0xdc, 0x37,
  0xa9, 0x4c, 0x41, 0x4d, 0x45, 0x33, 0x2e, 0x31, 0x30, 0x31, 0x20, 0x28,
  0x62, 0x65, 0x74, 0x61, 0x20, 0x33, 0x29, 0x55, 0x55, 0x55, 0x55, 0x55,
  0x55, 0x55, 0x55, 0x55, 0x55, 0x55, 0x55, 0x55, 0x55, 0x55, 0x55, 0x55,
  0x55, 0x55, 0x55, 0x55, 0x55, 0x55, 0x55, 0x55, 0x55, 0x55, 0x55, 0x55,
  0x55, 0x55, 0x55, 0x55, 0x55, 0x55, 0x55, 0x55, 0x55, 0x55, 0x55, 0x55,
  0x55, 0x55, 0x55, 0x55, 0x55, 0x55, 0x55, 0x55, 0x55, 0x55, 0x55, 0x55,
  0x55, 0x55, 0x55, 0x55, 0x55, 0x55, 0x55, 0x55, 0x55, 0x55, 0x55, 0x55,
  0x55, 0x55, 0x55, 0x55, 0x55, 0x55, 0x55, 0x55, 0x55, 0x55, 0x55, 0x55,
  0x55, 0x55, 0x55, 0x55, 0x55, 0x55, 0x55, 0x55, 0x55, 0x55, 0x55, 0x55,
  0x55, 0x55, 0x55, 0x55, 0x55, 0x55, 0x55, 0x55, 0x55, 0x55, 0x55, 0x55,
  0x55, 0x55, 0x55, 0x55, 0x55, 0x55, 0x55, 0x55, 0x55, 0x55, 0x55, 0x55,
  0x55, 0x55, 0x55, 0x55, 0x55, 0x55, 0x55, 0x55, 0x55, 0x55, 0x55, 0x55,
  0x55, 0x55, 0x55, 0x55, 0x55, 0x55, 0x55, 0x55, 0x55, 0x55, 0x55, 0x55,
  0x55, 0x55, 0x55, 0x55, 0x55, 0x55, 0x55, 0x55, 0x55, 0x55, 0x55, 0x55,
  0x55, 0x55, 0x55, 0x55, 0x55, 0x55, 0x55, 0x55, 0x55, 0x55, 0x55, 0x55,
  0x55, 0x55, 0x55, 0x55, 0x55, 0x55, 0x55, 0x55, 0x55, 0x55, 0x55, 0x55,
  0x55, 0x55, 0x55, 0x55, 0x55, 0x55, 0x55, 0x55, 0x55, 0x55, 0x55, 0x55,
  0x55, 0x55, 0x55, 0x55, 0x55, 0x55, 0x55, 0x55, 0x55, 0x55, 0x55, 0x55,
  0x55, 0x55, 0x55, 0x55, 0x55, 0x55, 0x55, 0x55, 0x55, 0x55, 0x55, 0x55,
  0x55, 0x55, 0xe7, 0x79, 0x7e, 0x89, 0xa9, 0x1d, 0x20, 0x2c, 0x89, 0x0a,
  0x20, 0x20, 0x88, 0xc0, 0x09, 0x00, 0xc8, 0xc0, 0x02, 0x04, 0xc4, 0xc5,
  0x5c, 0xea, 0xa0, 0x0c, 0xff, 0xf3, 0xa2, 0xc4, 0x1a, 0x11, 0xe0, 0x8e,
  0x18, 0x00, 0xef, 0xe8, 0x40, 0x37, 0x30, 0x22, 0x70, 0x12, 0x06, 0x1f,
  0xe1, 0x7e, 0x40, 0x09, 0xc2, 0xdb, 0x3f, 0xff, 0x9c, 0x8d, 0x72, 0xff,
  0xb3, 0x55, 0x7f, 0x5d, 0x66, 0x7f, 0xff, 0xfa, 0xdd, 0x5f, 0xd5, 0xdd,
  0xfd, 0x72, 0x8a, 0xee, 0x95, 0xf7, 0xff, 0x5f, 0x51, 0x4a, 0x7f, 0xd9,
  0x67, 0x69, 0x55, 0x4c, 0x41, 0x4d, 0x45, 0x33, 0x2e, 0x31, 0x30, 0x31,
  0x20, 0x28, 0x62, 0x65, 0x74, 0x61, 0x20, 0x33, 0x29, 0x55, 0x55, 0x55,
  0x55, 0x55, 0x55, 0x55, 0x55, 0x55, 0x55, 0x55, 0x55, 0x55, 0x55, 0x55,
  0x55, 0x55, 0x55, 0x55, 0x55, 0x55, 0x55, 0x55, 0x55, 0x55, 0x55, 0x55,
  0x55, 0x55, 0x55, 0x55, 0x55, 0x55, 0x55, 0x55, 0x55, 0x55, 0x55, 0x55,
  0x55, 0x55, 0x55, 0x55, 0x55, 0x55, 0x55, 0x55, 0x55, 0x55, 0x55, 0x55,
  0x55, 0x55, 0x55, 0x55, 0x55, 0x55, 0x55, 0x55, 0x55, 0x55, 0x55, 0x55,
  0x55, 0x55, 0x55, 0x55, 0x55, 0x55, 0x55, 0x55, 0x55, 0x55, 0x55, 0x55,
  0x55, 0x55, 0x55, 0x55, 0x55, 0x55, 0x55, 0x55, 0x55, 0x55, 0x55, 0x55,
  0x55, 0x55, 0x55, 0x55, 0x55, 0x55, 0x55, 0x55, 0x55, 0x55, 0x55, 0x55,
  0x55, 0x55, 0x55, 0x55, 0x55, 0x55, 0x55, 0x55, 0x55, 0x55, 0x55, 0x55,
  0x55, 0x55, 0x55, 0x55, 0x55, 0x55, 0x55, 0x55, 0x55, 0x55, 0x55, 0x55,
  0x55, 0x55, 0x55, 0x55, 0x55, 0x55, 0x55, 0x55, 0x55, 0x55, 0x55, 0x55,
  0x55, 0x55, 0x55, 0x55, 0x55, 0x55, 0x55, 0x55, 0x55, 0x55, 0x55, 0x55,
  0x55, 0x55, 0x55, 0x55, 0x55, 0x55, 0x55, 0x55, 0x55, 0x55, 0x55, 0x55,
  0x55, 0x55, 0x55, 0x55, 0x55, 0x55, 0x55, 0x55, 0x55, 0x55, 0x55, 0x55,
  0x55, 0x55, 0x55, 0x55, 0x55, 0x55, 0x55, 0x55, 0x55, 0x55, 0x55, 0x55,
  0x55, 0x55, 0x55, 0x55, 0x55, 0x55, 0x55, 0x55, 0x55, 0x55, 0x55, 0x55,
  0x55, 0x55, 0x55, 0x55, 0x55, 0x55, 0x55, 0x55, 0x55, 0x55, 0x55, 0x55,
  0xd7, 0x33, 0xbd, 0x46, 0xd5, 0x84, 0x85, 0x26, 0x16, 0x01, 0x48, 0x04,
  0x00, 0xe9, 0x80, 0x0c, 0x01, 0x98, 0x24, 0x13, 0x03, 0x02, 0x6f, 0xab,
  0x31, 0x1f, 0x21, 0xc3, 0xa4, 0xa0, 0xff, 0xf3, 0xa0, 0xc4, 0x1e, 0x12,
  0x98, 0xee, 0x18, 0x00, 0xfe, 0x8a, 0x64, 0x94, 0x75, 0xba, 0x43, 0x60,
  0x70, 0xc1, 0xfd, 0x7f, 0xdc, 0x6f, 0xd6, 0x9d, 0x3f, 0xf1, 0xb5, 0xec,
  0xa7, 0x94, 0x55, 0xff, 0xf6, 0x7f, 0xa2, 0xad, 0x56, 0xfe, 0xb9, 0x9a,
  0x3d, 0x5d, 0x55, 0xe5, 0xbb, 0x59, 0xaa, 0xbb, 0x5c, 0x8e, 0xbd, 0xde,
  0xad, 0x9f, 0xa9, 0x4a, 0x4c, 0x41, 0x4d, 0x45, 0x33, 0x2e, 0x31, 0x30,
  0x31, 0x20, 0x28, 0x62, 0x65, 0x74, 0x61, 0x20, 0x33, 0x29, 0xaa, 0xaa,
  0xaa, 0xaa, 0xaa, 0xaa, 0xaa, 0xaa, 0xaa, 0xaa, 0xaa, 0xaa, 0xaa, 0xaa,
  0xaa, 0xaa, 0xaa, 0xaa, 0xaa, 0xaa, 0xaa, 0xaa, 0xaa, 0xaa, 0xaa, 0xaa,
  0xaa, 0xaa, 0xaa, 0xaa, 0xaa, 0xaa, 0xaa, 0xaa, 0xaa, 0xaa, 0xaa, 0xaa,
  0xaa, 0xaa, 0xaa, 0xaa, 0xaa, 0xaa, 0xaa, 0xaa, 0xaa, 0xaa, 0xaa, 0xaa,
  0xaa, 0xaa, 0xaa, 0xaa, 0xaa, 0xaa, 0xaa, 0xaa, 0xaa, 0xaa, 0xaa, 0xaa,
  0xaa, 0xaa, 0xaa, 0xaa, 0xaa, 0xaa, 0xaa, 0xaa, 0xaa, 0xaa, 0xaa, 0xaa,
  0xaa, 0xaa, 0xaa, 0xaa, 0xaa, 0xaa, 0xaa, 0xaa, 0xaa, 0xaa, 0xaa, 0xaa,
  0xaa, 0xaa, 0xaa, 0xaa, 0xaa, 0xaa, 0xaa, 0xaa, 0xaa, 0xaa, 0xaa, 0xaa,
  0xaa, 0xaa, 0xaa, 0xaa, 0xaa, 0xaa, 0xaa, 0xaa, 0xaa, 0xaa, 0xaa, 0xaa,
  0xaa, 0xaa, 0xaa, 0xaa, 0xaa, 0xaa, 0xaa, 0xaa, 0xaa, 0xaa, 0xaa, 0xaa,
  0xaa, 0xaa, 0xaa, 0xaa, 0xaa, 0xaa, 0xaa, 0xaa, 0xaa, 0xaa, 0xaa, 0xaa,
  0xaa, 0xaa, 0xaa, 0xaa, 0xaa, 0xaa, 0xaa, 0xaa, 0xaa, 0xaa, 0xaa, 0xaa,
  0xaa, 0xaa, 0xaa, 0xaa, 0xaa, 0xaa, 0xaa, 0xaa, 0xaa, 0xaa, 0xaa, 0xaa,
  0xaa, 0xaa, 0xaa, 0xaa, 0xaa, 0xaa, 0xaa, 0xaa, 0xaa, 0xaa, 0xaa, 0xaa,
  0xaa, 0xaa, 0xaa, 0xaa, 0xaa, 0xaa, 0xaa, 0xaa, 0xaa, 0xaa, 0xaa, 0xaa,
  0xaa, 0xaa, 0xaa, 0xaa, 0xaa, 0xaa, 0xaa, 0xaa, 0xaa, 0xaa, 0xaa, 0xaa,
  0xaa, 0xaa, 0xaa, 0xaa, 0xaa, 0xaa, 0xaa, 0xaa, 0xaa, 0xaa, 0xaa, 0xfc,
  0xb0, 0xbf, 0x38, 0xd0, 0xce, 0x90, 0x13, 0x86, 0x85, 0x10, 0x30, 0x3c,
  0x60, 0x03, 0x80, 0x64, 0x20, 0x04, 0xc4, 0xc4, 0xcf, 0xea, 0xa8, 0x04,
  0xf3, 0x09, 0x9c, 0x09, 0x03, 0x0f, 0x20, 0xff, 0xf3, 0xa2, 0xc4, 0x20,
  0x13, 0x58, 0xea, 0x18, 0x00, 0xef, 0xe8, 0x40, 0xb5, 0x90, 0x02, 0x70,
  0xae, 0x7b, 0xff, 0xd8, 0xe7, 0xde, 0xbf, 0xfa, 0xbb, 0x9c, 0x57, 0xbe,
  0xbd, 0xad, 0x25, 0xf9, 0xfd, 0x7d, 0x0c, 0xd1, 0x6a, 0x5b, 0x8e, 0xf9,
  0xee, 0xcd, 0x8b, 0xed, 0xc7, 0xb9, 0x74, 0x6c, 0xc6, 0xf6, 0x6a, 0x57,
  0x74, 0xf5, 0x3b, 0x7f, 0xfd, 0xb5, 0x4c, 0x41, 0x4d, 0x45, 0x33, 0x2e,
  0x31, 0x30, 0x31, 0x20, 0x28, 0x62, 0x65, 0x74, 0x61, 0x20, 0x33, 0x29,
  0x55, 0x55, 0x55, 0x55, 0x55, 0x55, 0x55, 0x55, 0x55, 0x55, 0x55, 0x55,
  0x55, 0x55, 0x55, 0x55, 0x55, 0x55, 0x55, 0x55, 0x55, 0x55, 0x55, 0x55,
  0x55, 0x55, 0x55, 0x55, 0x55, 0x55, 0x55, 0x55, 0x55, 0x55, 0x55, 0x55,
  0x55, 0x55, 0x55, 0x55, 0x55, 0x55, 0x55, 0x55, 0x55, 0x55, 0x55, 0x55,
  0x55, 0x55, 0x55, 0x55, 0x55, 0x55, 0x55, 0x55, 0x55, 0x55, 0x55, 0x55,
  0x55, 0x55, 0x55, 0x55, 0x55, 0x55, 0x55, 0x55, 0x55, 0x55, 0x55, 0x55,
  0x55, 0x55, 0x55, 0x55, 0x55, 0x55, 0x55, 0x55, 0x55, 0x55, 0x55, 0x55,
  0x55, 0x55, 0x55, 0x55, 0x55, 0x55, 0x55, 0x55, 0x55, 0x55, 0x55, 0x55,
  0x55, 0x55, 0x55, 0x55, 0x55, 0x55, 0x55, 0x55, 0x55, 0x55, 0x55, 0x55,
  0x55, 0x55, 0x55, 0x55, 0x55, 0x55, 0x55, 0x55, 0x55, 0x55, 0x55, 0x55,
  0x55, 0x55, 0x55, 0x55, 0x55, 0x55, 0x55, 0x55, 0x55, 0x55, 0x55, 0x55,
  0x55, 0x55, 0x55, 0x55, 0x55, 0x55, 0x55, 0x55, 0x55, 0x55, 0x55, 0x55,
  0x55, 0x55, 0x55, 0x55, 0x55, 0x55, 0x55, 0x55, 0x55, 0x55, 0x55, 0x55,
  0x55, 0x55, 0x55, 0x55, 0x55, 0x55, 0x55, 0x55, 0x55, 0x55, 0x55, 0x55,
  0x55, 0x55, 0x55, 0x55, 0x55, 0x55, 0x55, 0x55, 0x55, 0x55, 0x55, 0x55,
  0x55, 0x55, 0x55, 0x55, 0x55, 0x55, 0x55, 0x55, 0x55, 0x55, 0x55, 0x55,
  0x55, 0x55, 0x55, 0x55, 0x55, 0x55, 0x55, 0x55, 0x55, 0x55, 0x55, 0x55,
  0x55, 0x55, 0x55, 0x55, 0x55, 0x55, 0xfe, 0x76, 0xf4, 0xfb, 0x34, 0x3a,
  0x44, 0x9d, 0x1e, 0x14, 0x80, 0xc0, 0xe9, 0x80, 0x08, 0x01, 0x88, 0xe8,
  0x26, 0x06, 0x43, 0x27, 0x52, 0x60, 0x63, 0x39, 0x03, 0xff, 0xf3, 0xa0,
  0xc4, 0x1b, 0x11, 0xd0, 0xee, 0x18, 0x00, 0xef, 0xe8, 0x40, 0x53, 0xa1,
  0x20, 0x41, 0xdf, 0x16, 0x82, 0x06, 0x4f, 0x96, 0x8f, 0xb7, 0xfd, 0xb3,
  0x1d, 0xfd, 0x5f, 0xff, 0x98, 0xfe, 0x9e, 0xa1, 0x32, 0x57, 0xff, 0x67,
  0xb7, 0xe9, 0xfd, 0x9f, 0x71, 0x8f, 0xf4, 0x75, 0x3a, 0xaf, 0x7f, 0x94,
  0x5d, 0x5a, 0x7d, 0xce, 0xe2, 0xba, 0x15, 0x4c, 0x41, 0x4d, 0x45, 0x33,
  0x2e, 0x31, 0x30, 0x31, 0x20, 0x28, 0x62, 0x65, 0x74, 0x61, 0x20, 0x33,
  0x29, 0x55, 0x55, 0x55, 0x55, 0x55, 0x55, 0x55, 0x55, 0x55, 0x55, 0x55,
  0x55, 0x55, 0x55, 0x55, 0x55, 0x55, 0x55, 0x55, 0x55, 0x55, 0x55, 0x55,
  0x55, 0x55, 0x55, 0x55, 0x55, 0x55, 0x55, 0x55, 0x55, 0x55, 0x55, 0x55,
  0x55, 0x55, 0x55, 0x55, 0x55, 0x55, 0x55, 0x55, 0x55, 0x55, 0x55, 0x55,
  0x55, 0x55, 0x55, 0x55, 0x55, 0x55, 0x55, 0x55, 0x55, 0x55, 0x55, 0x55,
  0x55, 0x55, 0x55, 0x55, 0x55, 0x55, 0x55, 0x55, 0x55, 0x55, 0x55, 0x55,
  0x55, 0x55, 0x55, 0x55, 0x55, 0x55, 0x55, 0x55, 0x55, 0x55, 0x55, 0x55,
  0x55, 0x55, 0x55, 0x55, 0x55, 0x55, 0x55, 0x55, 0x55, 0x55, 0x55, 0x55,
  0x55, 0x55, 0x55, 0x55, 0x55, 0x55, 0x55, 0x55, 0x55, 0x55, 0x55, 0x55,
  0x55, 0x55, 0x55, 0x55, 0x55, 0x55, 0x55, 0x55, 0x55, 0x55, 0x55, 0x55,
  0x55, 0x55, 0x55, 0x55, 0x55, 0x55, 0x55, 0x55, 0x55, 0x55, 0x55, 0x55,
  0x55, 0x55, 0x55, 0x55, 0x55, 0x55, 0x55, 0x55, 0x55, 0x55, 0x55, 0x55,
  0x55, 0x55, 0x55, 0x55, 0x55, 0x55, 0x55, 0x55, 0x55, 0x55, 0x55, 0x55,
  0x55, 0x55, 0x55, 0x55, 0x55, 0x55, 0x55, 0x55, 0x55, 0x55, 0x55, 0x55,
  0x55, 0x55, 0x55, 0x55, 0x55, 0x55, 0x55, 0x55, 0x55, 0x55, 0x55, 0x55,
  0x55, 0x55, 0x55, 0x55, 0x55, 0x55, 0x55, 0x55, 0x55, 0x55, 0x55, 0x55,
  0x55, 0x55, 0x55, 0x55, 0x55, 0x55, 0x55, 0x55, 0x55, 0x55, 0x55, 0x55,
  0x55, 0x55, 0x55, 0x55, 0x55, 0x55, 0x55, 0x55, 0x55, 0x55, 0xfe, 0xf2,
  0xfc, 0xe3, 0x37, 0x30, 0xa3, 0x80, 0xe0, 0x26, 0x01, 0x44, 0x14, 0x00,
  0xf1, 0x80, 0x06, 0x01, 0x80, 0xe8, 0x25, 0xe6, 0x5c, 0x1f, 0xff, 0xf3,
  0xa2, 0xc4, 0x18, 0x11, 0x70, 0x92, 0x18, 0x00, 0xfe, 0x8a, 0x64, 0x4d,
  0x46, 0x77, 0x88, 0xa1, 0xc2, 0x50, 0x6b, 0x61, 0xb9, 0xbe, 0x80, 0x40,
  0x71, 0xdc, 0x9e, 0xfe, 0x25, 0xaa, 0xdf, 0xcb, 0x72, 0x3f, 0xce, 0xa1,
  0x5f, 0x7e, 0x8f, 0xfe, 0xee, 0xff, 0xe8, 0xfe, 0xdd, 0xec, 0xca, 0xe4,
  0xf6, 0x18, 0xfb, 0x76, 0x7b, 0xbf, 0xea, 0xaf, 0xad, 0x4c, 0x41, 0x4d,
  0x45, 0x33, 0x2e, 0x31, 0x30, 0x31, 0x20, 0x28, 0x62, 0x65, 0x74, 0x61,
  0x20, 0x33, 0x29, 0x55, 0x55, 0x55, 0x55, 0x55, 0x55, 0x55, 0x55, 0x55,
  0x55, 0x55, 0x55, 0x55, 0x55, 0x55, 0x55, 0x55, 0x55, 0x55, 0x55, 0x55,
  0x55, 0x55, 0x55, 0x55, 0x55, 0x55, 0x55, 0x55, 0x55, 0x55, 0x55, 0x55,
  0x55, 0x55, 0x55, 0x55, 0x55, 0x55, 0x55, 0x55, 0x55, 0x55, 0x55, 0x55,
  0x55, 0x55, 0x55, 0x55, 0x55, 0x55, 0x55, 0x55, 0x55, 0x55, 0x55, 0x55,
  0x55, 0x55, 0x55, 0x55, 0x55, 0x55, 0x55, 0x55, 0x55, 0x55, 0x55, 0x55,
  0x55, 0x55, 0x55, 0x55, 0x55, 0x55, 0x55, 0x55, 0x55, 0x55, 0x55, 0x55,
  0x55, 0x55, 0x55, 0x55, 0x55, 0x55, 0x55, 0x55, 0x55, 0x55, 0x55, 0x55,
  0x55, 0x55, 0x55, 0x55, 0x55, 0x55, 0x55, 0x55, 0x55, 0x55, 0x55, 0x55,
  0x55, 0x55, 0x55, 0x55, 0x55, 0x55, 0x55, 0x55, 0x55, 0x55, 0x55, 0x55,
  0x55, 0x55, 0x55, 0x55, 0x55, 0x55, 0x55, 0x55, 0x55, 0x55, 0x55, 0x55,
  0x55, 0x55, 0x55, 0x55, 0x55, 0x55, 0x55, 0x55, 0x55, 0x55, 0x55, 0x55,
  0x55, 0x55, 0x55, 0x55, 0x55, 0x55, 0x55, 0x55, 0x55, 0x55, 0x55, 0x55,
  0x55, 0x55, 0x55, 0x55, 0x55, 0x55, 0x55, 0x55, 0x55, 0x55, 0x55, 0x55,
  0x55, 0x55, 0x55, 0x55, 0x55, 0x55, 0x55, 0x55, 0x55, 0x55, 0x55, 0x55,
  0x55, 0x55, 0x55, 0x55, 0x55, 0x55, 0x55, 0x55, 0x55, 0x55, 0x55, 0x55,
  0x55, 0x55, 0x55, 0x55, 0x55, 0x55, 0x55, 0x55, 0x55, 0x55, 0x55, 0x55,
  0x55, 0x55, 0x55, 0x55, 0x55, 0x55, 0x55, 0x55, 0xfe, 0x5f, 0xb1, 0x3e,
  0xc9, 0x0c, 0x28, 0xd0, 0x47, 0xca, 0x00, 0x53, 0x05, 0x00, 0x32, 0x60,
  0x00, 0x00, 0x62, 0x20, 0x04, 0xb0, 0xce, 0x5c, 0xe8, 0xcc, 0xd6, 0x70,
  0xff, 0xf3, 0xa0, 0xc4, 0x1c, 0x12, 0x28, 0x92, 0x18, 0x00, 0xfe, 0x8a,
  0x64, 0x10, 0x9b, 0x20, 0x04, 0xb2, 0xdb, 0x83, 0xfe, 0x07, 0x04, 0x76,
  0xfe, 0x86, 0xe2, 0x3d, 0xac, 0xb3, 0xca, 0xaf, 0xef, 0xed, 0x3c, 0xef,
  0xb5, 0xda, 0x7f, 0xa6, 0xeb, 0xf7, 0x27, 0xdd, 0xda, 0xeb, 0x7d, 0x9a,
  0x3e, 0xce, 0x37, 0xb2, 0xc5, 0xfb, 0xe7, 0xe8, 0xe9, 0x4a, 0x4c, 0x41,
  0x4d, 0x45, 0x33, 0x2e, 0x31, 0x30, 0x31, 0x20, 0x28, 0x62, 0x65, 0x74,
  0x61, 0x20, 0x33, 0x29, 0xaa, 0xaa, 0xaa, 0xaa, 0xaa, 0xaa, 0xaa, 0xaa,
  0xaa, 0xaa, 0xaa, 0xaa, 0xaa, 0xaa, 0xaa, 0xaa, 0xaa, 0xaa, 0xaa, 0xaa,
  0xaa, 0xaa, 0xaa, 0xaa, 0xaa, 0xaa, 0xaa, 0xaa, 0xaa, 0xaa, 0xaa, 0xaa,
  0xaa, 0xaa, 0xaa, 0xaa, 0xaa, 0xaa, 0xaa, 0xaa, 0xaa, 0xaa, 0xaa, 0xaa,
  0xaa, 0xaa, 0xaa, 0xaa, 0xaa, 0xaa, 0xaa, 0xaa, 0xaa, 0xaa, 0xaa, 0xaa,
  0xaa, 0xaa, 0xaa, 0xaa, 0xaa, 0xaa, 0xaa, 0xaa, 0xaa, 0xaa, 0xaa, 0xaa,
  0xaa, 0xaa, 0xaa, 0xaa, 0xaa, 0xaa, 0xaa, 0xaa, 0xaa, 0xaa, 0xaa, 0xaa,
  0xaa, 0xaa, 0xaa, 0xaa, 0xaa, 0xaa, 0xaa, 0xaa, 0xaa, 0xaa, 0xaa, 0xaa,
  0xaa, 0xaa, 0xaa, 0xaa, 0xaa, 0xaa, 0xaa, 0xaa, 0xaa, 0xaa, 0xaa, 0xaa,
  0xaa, 0xaa, 0xaa, 0xaa, 0xaa, 0xaa, 0xaa, 0xaa, 0xaa, 0xaa, 0xaa, 0xaa,
  0xaa, 0xaa, 0xaa, 0xaa, 0xaa, 0xaa, 0xaa, 0xaa, 0xaa, 0xaa, 0xaa, 0xaa,
  0xaa, 0xaa, 0xaa, 0xaa, 0xaa, 0xaa, 0xaa, 0xaa, 0xaa, 0xaa, 0xaa, 0xaa,
  0xaa, 0xaa, 0xaa, 0xaa, 0xaa, 0xaa, 0xaa, 0xaa, 0xaa, 0xaa, 0xaa, 0xaa,
  0xaa, 0xaa, 0xaa, 0xaa, 0xaa, 0xaa, 0xaa, 0xaa, 0xaa, 0xaa, 0xaa, 0xaa,
  0xaa, 0xaa, 0xaa, 0xaa, 0xaa, 0xaa, 0xaa, 0xaa, 0xaa, 0xaa, 0xaa, 0xaa,
  0xaa, 0xaa, 0xaa, 0xaa, 0xaa, 0xaa, 0xaa, 0xaa, 0xaa, 0xaa, 0xaa, 0xaa,
  0xaa, 0xaa, 0xaa, 0xaa, 0xaa, 0xaa, 0xaa, 0xaa, 0xaa, 0xaa, 0xaa, 0xaa,
  0xaa, 0xaa, 0xaa, 0xaa, 0xaa, 0xaa, 0xaa, 0xaa, 0xaa, 0xaa, 0xfe, 0xf2,
  0xdc, 0xb1, 0x83, 0x98, 0x51, 0x00, 0xac, 0x11, 0x00, 0xa0, 0x0e, 0x00,
  0x68, 0x02, 0x01, 0x70, 0x24, 0x12, 0xb3, 0x44, 0x0f, 0x9e, 0x83, 0x7b,
  0xc4, 0xff, 0xf3, 0xa2, 0xc4, 0x1b, 0x12, 0x18, 0xea, 0x18, 0x00, 0xfe,
  0x84, 0x68, 0x28, 0x68, 0x64, 0x1a, 0xc8, 0x6e, 0x6e, 0xc4, 0xb2, 0x7e,
  0xf7, 0x76, 0xff, 0x40, 0x2f, 0x43, 0xd7, 0xff, 0x7e, 0x2a, 0xfa, 0xb6,
  0xf6, 0x1d, 0x47, 0xeb, 0xd1, 0xca, 0xbb, 0xe8, 0x76, 0xaa, 0x7f, 0xb7,
  0xfb, 0x68, 0x4d, 0x14, 0xda, 0xed, 0x5d, 0x9a, 0xb7, 0x5f, 0x65, 0x35,
  0x4c, 0x41, 0x4d, 0x45, 0x33, 0x2e, 0x31, 0x30, 0x31, 0x20, 0x28, 0x62,
  0x65, 0x74, 0x61, 0x20, 0x33, 0x29, 0x55, 0x55, 0x55, 0x55, 0x55, 0x55,
  0x55, 0x55, 0x55, 0x55, 0x55, 0x55, 0x55, 0x55, 0x55, 0x55, 0x55, 0x55,
  0x55, 0x55, 0x55, 0x55, 0x55, 0x55, 0x55, 0x55, 0x55, 0x55, 0x55, 0x55,
  0x55, 0x55, 0x55, 0x55, 0x55, 0x55, 0x55, 0x55, 0x55, 0x55, 0x55, 0x55,
  0x55, 0x55, 0x55, 0x55, 0x55, 0x55, 0x55, 0x55, 0x55, 0x55, 0x55, 0x55,
  0x55, 0x55, 0x55, 0x55, 0x55, 0x55, 0x55, 0x55, 0x55, 0x55, 0x55, 0x55,
  0x55, 0x55, 0x55, 0x55, 0x55, 0x55, 0x55, 0x55, 0x55, 0x55, 0x55, 0x55,
  0x55, 0x55, 0x55, 0x55, 0x55, 0x55, 0x55, 0x55, 0x55, 0x55, 0x55, 0x55,
  0x55, 0x55, 0x55, 0x55, 0x55, 0x55, 0x55, 0x55, 0x55, 0x55, 0x55, 0x55,
  0x55, 0x55, 0x55, 0x55, 0x55, 0x55, 0x55, 0x55, 0x55, 0x55, 0x55, 0x55,
  0x55, 0x55, 0x55, 0x55, 0x55, 0x55, 0x55, 0x55, 0x55, 0x55, 0x55, 0x55,
  0x55, 0x55, 0x55, 0x55, 0x55, 0x55, 0x55, 0x55, 0x55, 0x55, 0x55, 0x55,
  0x55, 0x55, 0x55, 0x55, 0x55, 0x55, 0x55, 0x55, 0x55, 0x55, 0x55, 0x55,
  0x55, 0x55, 0x55, 0x55, 0x55, 0x55, 0x55, 0x55, 0x55, 0x55, 0x55, 0x55,
  0x55, 0x55, 0x55, 0x55, 0x55, 0x55, 0x55, 0x55, 0x55, 0x55, 0x55, 0x55,
  0x55, 0x55, 0x55, 0x55, 0x55, 0x55, 0x55, 0x55, 0x55, 0x55, 0x55, 0x55,
  0x55, 0x55, 0x55, 0x55, 0x55, 0x55, 0x55, 0x55, 0x55, 0x55, 0x55, 0x55,
  0x55, 0x55, 0x55, 0x55, 0x55, 0x55, 0x55, 0x55, 0xfe, 0x76, 0xc4, 0xbd,
  0x74, 0x18, 0x50, 0xa0, 0xc7, 0x8f, 0x00, 0x9e, 0x0e, 0x00, 0x64, 0x08,
  0x01, 0x69, 0x80, 0x04, 0x09, 0x41, 0xa7, 0x09, 0xcc, 0x69, 0xca, 0xdc,
  0x09, 0x36, 0x28, 0xff, 0xf3, 0xa0, 0xc4, 0x1f, 0x13, 0x00, 0xee, 0x18,
  0x00, 0xfe, 0x8a, 0x64, 0x09, 0x60, 0xdb, 0x83, 0xb6, 0x07, 0x04, 0x3b,
  0x6b, 0xf3, 0x70, 0xef, 0xb6, 0x9f, 0xff, 0x8a, 0xd7, 0x2f, 0xfd, 0x2a,
  0x14, 0x67, 0x72, 0x3b, 0xff, 0xf2, 0xff, 0xb2, 0xae, 0xe4, 0xfc, 0x5f,
  0x53, 0xef, 0x16, 0x75, 0x5d, 0x9f, 0x1e, 0xbf, 0x42, 0x91, 0xbb, 0xd7,
  0x90, 0x4c, 0x41, 0x4d, 0x45, 0x33, 0x2e, 0x31, 0x30, 0x31, 0x20, 0x28,
  0x62, 0x65, 0x74, 0x61, 0x20, 0x33, 0x29, 0x55, 0x55, 0x55, 0x55, 0x55,
  0x55, 0x55, 0x55, 0x55, 0x55, 0x55, 0x55, 0x55, 0x55, 0x55, 0x55, 0x55,
  0x55, 0x55, 0x55, 0x55, 0x55, 0x55, 0x55, 0x55, 0x55, 0x55, 0x55, 0x55,
  0x55, 0x55, 0x55, 0x55, 0x55, 0x55, 0x55, 0x55, 0x55, 0x55, 0x55, 0x55,
  0x55, 0x55, 0x55, 0x55, 0x55, 0x55, 0x55, 0x55, 0x55, 0x55, 0x55, 0x55,
  0x55, 0x55, 0x55, 0x55, 0x55, 0x55, 0x55, 0x55, 0x55, 0x55, 0x55, 0x55,
  0x55, 0x55, 0x55, 0x55, 0x55, 0x55, 0x55, 0x55, 0x55, 0x55, 0x55, 0x55,
  0x55, 0x55, 0x55, 0x55, 0x55, 0x55, 0x55, 0x55, 0x55, 0x55, 0x55, 0x55,
  0x55, 0x55, 0x55, 0x55, 0x55, 0x55, 0x55, 0x55, 0x55, 0x55, 0x55, 0x55,
  0x55, 0x55, 0x55, 0x55, 0x55, 0x55, 0x55, 0x55, 0x55, 0x55, 0x55, 0x55,
  0x55, 0x55, 0x55, 0x55, 0x55, 0x55, 0x55, 0x55, 0x55, 0x55, 0x55, 0x55,
  0x55, 0x55, 0x55, 0x55, 0x55, 0x55, 0x55, 0x55, 0x55, 0x55, 0x55, 0x55,
  0x55, 0x55, 0x55, 0x55, 0x55, 0x55, 0x55, 0x55, 0x55, 0x55, 0x55, 0x55,
  0x55, 0x55, 0x55, 0x55, 0x55, 0x55, 0x55, 0x55, 0x55, 0x55, 0x55, 0x55,
  0x55, 0x55, 0x55, 0x55, 0x55, 0x55, 0x55, 0x55, 0x55, 0x55, 0x55, 0x55,
  0x55, 0x55, 0x55, 0x55, 0x55, 0x55, 0x55, 0x55, 0x55, 0x55, 0x55, 0x55,
  0x55, 0x55, 0x55, 0x55, 0x55, 0x55, 0x55, 0x55, 0x55, 0x55, 0x55, 0x55,
  0x55, 0x55, 0x55, 0x55, 0x55, 0x55, 0x55, 0x55, 0x55, 0x55, 0x55, 0x55,
  0xfe, 0xf2, 0xdc, 0xb1, 0x75, 0x98, 0x50, 0x00, 0xe1, 0x0b, 0x00, 0x98,
  0x10, 0x00, 0xb0, 0x24, 0x02, 0xc3, 0x00, 0x24, 0x12, 0x73, 0x57, 0x9f,
  0x92, 0x23, 0xaf, 0xb4, 0xff, 0xf3, 0xa2, 0xc4, 0x1c, 0x12, 0x48, 0xea,
  0x18, 0x00, 0xfe, 0x84, 0x68, 0x00, 0x68, 0x46, 0x0d, 0x60, 0x1a, 0x5b,
  0xb1, 0x18, 0x9f, 0xbd, 0xdd, 0xbd, 0xcf, 0xc0, 0xbd, 0xf5, 0xff, 0xfc,
  0x7f, 0xfd, 0xee, 0x21, 0xff, 0xff, 0xf6, 0x67, 0x87, 0xbd, 0x5f, 0x42,
  0x7f, 0xbe, 0x1a, 0x62, 0x2c, 0xdb, 0xb0, 0xdf, 0xd8, 0xc9, 0x2d, 0xff,
  0xff, 0xf5, 0xaa, 0x4c, 0x41, 0x4d, 0x45, 0x33, 0x2e, 0x31, 0x30, 0x31,
  0x20, 0x28, 0x62, 0x65, 0x74, 0x61, 0x20, 0x33, 0x29, 0xaa, 0xaa, 0xaa,
  0xaa, 0xaa, 0xaa, 0xaa, 0xaa, 0xaa, 0xaa, 0xaa, 0xaa, 0xaa, 0xaa, 0xaa,
  0xaa, 0xaa, 0xaa, 0xaa, 0xaa, 0xaa, 0xaa, 0xaa, 0xaa, 0xaa, 0xaa, 0xaa,
  0xaa, 0xaa, 0xaa, 0xaa, 0xaa, 0xaa, 0xaa, 0xaa, 0xaa, 0xaa, 0xaa, 0xaa,
  0xaa, 0xaa, 0xaa, 0xaa, 0xaa, 0xaa, 0xaa, 0xaa, 0xaa, 0xaa, 0xaa, 0xaa,
  0xaa, 0xaa, 0xaa, 0xaa, 0xaa, 0xaa, 0xaa, 0xaa, 0xaa, 0xaa, 0xaa, 0xaa,
  0xaa, 0xaa, 0xaa, 0xaa, 0xaa, 0xaa, 0xaa, 0xaa, 0xaa, 0xaa, 0xaa, 0xaa,
  0xaa, 0xaa, 0xaa, 0xaa, 0xaa, 0xaa, 0xaa, 0xaa, 0xaa, 0xaa, 0xaa, 0xaa,
  0xaa, 0xaa, 0xaa, 0xaa, 0xaa, 0xaa, 0xaa, 0xaa, 0xaa, 0xaa, 0xaa, 0xaa,
  0xaa, 0xaa, 0xaa, 0xaa, 0xaa, 0xaa, 0xaa, 0xaa, 0xaa, 0xaa, 0xaa, 0xaa,
  0xaa, 0xaa, 0xaa, 0xaa, 0xaa, 0xaa, 0xaa, 0xaa, 0xaa, 0xaa, 0xaa, 0xaa,
  0xaa, 0xaa, 0xaa, 0xaa, 0xaa, 0xaa, 0xaa, 0xaa, 0xaa, 0xaa, 0xaa, 0xaa,
  0xaa, 0xaa, 0xaa, 0xaa, 0xaa, 0xaa, 0xaa, 0xaa, 0xaa, 0xaa, 0xaa, 0xaa,
  0xaa, 0xaa, 0xaa, 0xaa, 0xaa, 0xaa, 0xaa, 0xaa, 0xaa, 0xaa, 0xaa, 0xaa,
  0xaa, 0xaa, 0xaa, 0xaa, 0xaa, 0xaa, 0xaa, 0xaa, 0xaa, 0xaa, 0xaa, 0xaa,
  0xaa, 0xaa, 0xaa, 0xaa, 0xaa, 0xaa, 0xaa, 0xaa, 0xaa, 0xaa, 0xaa, 0xaa,
  0xaa, 0xaa, 0xaa, 0xaa, 0xaa, 0xaa, 0xaa, 0xaa, 0xaa, 0xaa, 0xaa, 0xaa,
  0xaa, 0xaa, 0xaa, 0xaa, 0xaa, 0xaa, 0xaa, 0xaa, 0xaa, 0xaa, 0xaa, 0xfe,
  0x67, 0x62, 0x5e, 0xb1, 0x0c, 0x27, 0xb0, 0x7d, 0x44, 0x80, 0x4f, 0x0c,
  0x00, 0x54, 0x28, 0x01, 0x59, 0x80, 0x1c, 0x09, 0x21, 0xb0, 0x59, 0xc5,
  0x39, 0xe4, 0xd8, 0x60, 0x4c, 0x88, 0xff, 0xf3, 0xa0, 0xc4, 0x1f, 0x12,
  0xd0, 0xea, 0x18, 0x00, 0xfe, 0x84, 0x68, 0x00, 0x2a, 0xbb, 0x48, 0x76,
  0xe3, 0x73, 0x97, 0xf9, 0xbf, 0xfb, 0x00, 0xfa, 0x16, 0x9e, 0xff, 0xee,
  0x35, 0xde, 0xf5, 0x6c, 0x3e, 0xef, 0xc2, 0x3a, 0xfa, 0x99, 0xee, 0xb7,
  0xd1, 0xfd, 0x2f, 0xfd, 0x93, 0x7a, 0x7f, 0x92, 0xfc, 0xaf, 0xba, 0xfa,
  0x3a, 0x3f, 0xfb, 0x2a, 0x4c, 0x41, 0x4d, 0x45, 0x33, 0x2e, 0x31, 0x30,
  0x31, 0x20, 0x28, 0x62, 0x65, 0x74, 0x61, 0x20, 0x33, 0x29, 0xaa, 0xaa,
  0xaa, 0xaa, 0xaa, 0xaa, 0xaa, 0xaa, 0xaa, 0xaa, 0xaa, 0xaa, 0xaa, 0xaa,
  0xaa, 0xaa, 0xaa, 0xaa, 0xaa, 0xaa, 0xaa, 0xaa, 0xaa, 0xaa, 0xaa, 0xaa,
  0xaa, 0xaa, 0xaa, 0xaa, 0xaa, 0xaa, 0xaa, 0xaa, 0xaa, 0xaa, 0xaa, 0xaa,
  0xaa, 0xaa, 0xaa, 0xaa, 0xaa, 0xaa, 0xaa, 0xaa, 0xaa, 0xaa, 0xaa, 0xaa,
  0xaa, 0xaa, 0xaa, 0xaa, 0xaa, 0xaa, 0xaa, 0xaa, 0xaa, 0xaa, 0xaa, 0xaa,
  0xaa, 0xaa, 0xaa, 0xaa, 0xaa, 0xaa, 0xaa, 0xaa, 0xaa, 0xaa, 0xaa, 0xaa,
  0xaa, 0xaa, 0xaa, 0xaa, 0xaa, 0xaa, 0xaa, 0xaa, 0xaa, 0xaa, 0xaa, 0xaa,
  0xaa, 0xaa, 0xaa, 0xaa, 0xaa, 0xaa, 0xaa, 0xaa, 0xaa, 0xaa, 0xaa, 0xaa,
  0xaa, 0xaa, 0xaa, 0xaa, 0xaa, 0xaa, 0xaa, 0xaa, 0xaa, 0xaa, 0xaa, 0xaa,
  0xaa, 0xaa, 0xaa, 0xaa, 0xaa, 0xaa, 0xaa, 0xaa, 0xaa, 0xaa, 0xaa, 0xaa,
  0xaa, 0xaa, 0xaa, 0xaa, 0xaa, 0xaa, 0xaa, 0xaa, 0xaa, 0xaa, 0xaa, 0xaa,
  0xaa, 0xaa, 0xaa, 0xaa, 0xaa, 0xaa, 0xaa, 0xaa, 0xaa, 0xaa, 0xaa, 0xaa,
  0xaa, 0xaa, 0xaa, 0xaa, 0xaa, 0xaa, 0xaa, 0xaa, 0xaa, 0xaa, 0xaa, 0xaa,
  0xaa, 0xaa, 0xaa, 0xaa, 0xaa, 0xaa, 0xaa, 0xaa, 0xaa, 0xaa, 0xaa, 0xaa,
  0xaa, 0xaa, 0xaa, 0xaa, 0xaa, 0xaa, 0xaa, 0xaa, 0xaa, 0xaa, 0xaa, 0xaa,
  0xaa, 0xaa, 0xaa, 0xaa, 0xaa, 0xaa, 0xaa, 0xaa, 0xaa, 0xaa, 0xaa, 0xfc,
  0xec, 0x5b, 0x87, 0x14, 0x1c, 0xc2, 0xce, 0x09, 0xd0, 0x30, 0x05, 0xc0,
  0x80, 0x07, 0x82, 0xa0, 0x1a, 0x18, 0x03, 0x60, 0xa6, 0x9b, 0xc0, 0xff,
  0xf3, 0x1c, 0x1b, 0xf9, 0x85, 0x10, 0x05, 0xc1, 0x53, 0x41, 0x81, 0xb5,
  0x88, 0x72, 0x5f, 0x7b, 0x3d, 0xbd, 0x4f, 0xff, 0xf3, 0xa2, 0xc4, 0x2c,
  0x16, 0x60, 0xee, 0x14, 0x00, 0xfe, 0xca, 0x68, 0xb8, 0x36, 0xda, 0xd7,
  0xaf, 0xe6, 0xe3, 0xe2, 0xdd, 0x09, 0xb2, 0xb2, 0x89, 0xb3, 0xd3, 0xd9,
  0x6d, 0xbd, 0xc9, 0x81, 0xbb, 0x3e, 0xe8, 0xc9, 0xfa, 0xe8, 0xad, 0x74,
  0x1c, 0x0e, 0xad, 0x17, 0x2f, 0xb4, 0xfb, 0x39, 0x7b, 0x1e, 0x8a, 0x28,
  0xdf, 0x5d, 0xc3, 0x3a, 0xfe, 0xba, 0x4c, 0x41, 0x4d, 0x45, 0x33, 0x2e,
  0x31, 0x30, 0x31, 0x20, 0x28, 0x62, 0x65, 0x74, 0x61, 0x20, 0x33, 0x29,
  0xaa, 0xaa, 0xaa, 0xaa, 0xaa, 0xaa, 0xaa, 0xaa, 0xaa, 0xaa, 0xaa, 0xaa,
  0xaa, 0xaa, 0xaa, 0xaa, 0xaa, 0xaa, 0xaa, 0xaa, 0xaa, 0xaa, 0xaa, 0xaa,
  0xaa, 0xaa, 0xaa, 0xaa, 0xaa, 0xaa, 0xaa, 0xaa, 0xaa, 0xaa, 0xaa, 0xaa,
  0xaa, 0xaa, 0xaa, 0xaa, 0xaa, 0xaa, 0xaa, 0xaa, 0xaa, 0xaa, 0xaa, 0xaa,
  0xaa, 0xaa, 0xaa, 0xaa, 0xaa, 0xaa, 0xaa, 0xaa, 0xaa, 0xaa, 0xaa, 0xaa,
  0xaa, 0xaa, 0xaa, 0xaa, 0xaa, 0xaa, 0xaa, 0xaa, 0xaa, 0xaa, 0xaa, 0xaa,
  0xaa, 0xaa, 0xaa, 0xaa, 0xaa, 0xaa, 0xaa, 0xaa, 0xaa, 0xaa, 0xaa, 0xaa,
  0xaa, 0xaa, 0xaa, 0xaa, 0xaa, 0xaa, 0xaa, 0xaa, 0xaa, 0xaa, 0xaa, 0xaa,
  0xaa, 0xaa, 0xaa, 0xaa, 0xaa, 0xaa, 0xaa, 0xaa, 0xaa, 0xaa, 0xaa, 0xaa,
  0xaa, 0xaa, 0xaa, 0xaa, 0xaa, 0xaa, 0xaa, 0xaa, 0xaa, 0xaa, 0xaa, 0xaa,
  0xaa, 0xaa, 0xaa, 0xaa, 0xaa, 0xaa, 0xaa, 0xaa, 0xaa, 0xaa, 0xaa, 0xaa,
  0xaa, 0xaa, 0xaa, 0xaa, 0xaa, 0xaa, 0xaa, 0xaa, 0xaa, 0xaa, 0xaa, 0xaa,
  0xaa, 0xaa, 0xaa, 0xaa, 0xaa, 0xaa, 0xaa, 0xaa, 0xaa, 0xaa, 0xaa, 0xaa,
  0xaa, 0xaa, 0xaa, 0xaa, 0xaa, 0xaa, 0xaa, 0xaa, 0xaa, 0xaa, 0xaa, 0xaa,
  0xaa, 0xaa, 0xaa, 0xaa, 0xaa, 0xaa, 0xaa, 0xaa, 0xaa, 0xaa, 0xaa, 0xaa,
  0xaa, 0xaa, 0xaa, 0xaa, 0xaa, 0xaa, 0xaa, 0xaa, 0xaa, 0xaa, 0xaa, 0xaa,
  0xaa, 0xaa, 0xaa, 0xfe, 0x67, 0x62, 0x1f, 0x4c, 0x43, 0x0b, 0x1c, 0x2a,
  0x90, 0x80, 0x17, 0xc3, 0x00, 0x1d, 0x0b, 0x00, 0x66, 0x60, 0x11, 0x02,
  0x90, 0x70, 0x35, 0x7e, 0x6a, 0x72, 0x0f, 0x86, 0x1a, 0x42, 0x14, 0x04,
  0x4a, 0xb5, 0xc8, 0xd6, 0xe1, 0xf9, 0xcb, 0xff, 0xbf, 0xff, 0xf3, 0xa0,
  0xc4, 0x2a, 0x15, 0xb0, 0xee, 0x14, 0x00, 0xfe, 0xca, 0x68, 0xfc, 0x17,
  0xc9, 0xa7, 0xff, 0xd4, 0x77, 0x23, 0xfc, 0xbc, 0x7f, 0x8d, 0x47, 0x16,
  0xf4, 0x7d, 0x17, 0x21, 0x69, 0x73, 0x2a, 0xd6, 0x61, 0xff, 0x66, 0x5d,
  0xe8, 0x70, 0xb2, 0xea, 0x7d, 0x64, 0xfc, 0x26, 0xa4, 0x6f, 0xa5, 0x4b,
  0xa9, 0xda, 0x7d, 0x16, 0x6b, 0x68, 0x82, 0x4c, 0x41, 0x4d, 0x45, 0x33,
  0x2e, 0x31, 0x30, 0x31, 0x20, 0x28, 0x62, 0x65, 0x74, 0x61, 0x20, 0x33,
  0x29, 0xaa, 0xaa, 0xaa, 0xaa, 0xaa, 0xaa, 0xaa, 0xaa, 0xaa, 0xaa, 0xaa,
  0xaa, 0xaa, 0xaa, 0xaa, 0xaa, 0xaa, 0xaa, 0xaa, 0xaa, 0xaa, 0xaa, 0xaa,
  0xaa, 0xaa, 0xaa, 0xaa, 0xaa, 0xaa, 0xaa, 0xaa, 0xaa, 0xaa, 0xaa, 0xaa,
  0xaa, 0xaa, 0xaa, 0xaa, 0xaa, 0xaa, 0xaa, 0xaa, 0xaa, 0xaa, 0xaa, 0xaa,
  0xaa, 0xaa, 0xaa, 0xaa, 0xaa, 0xaa, 0xaa, 0xaa, 0xaa, 0xaa, 0xaa, 0xaa,
  0xaa, 0xaa, 0xaa, 0xaa, 0xaa, 0xaa, 0xaa, 0xaa, 0xaa, 0xaa, 0xaa, 0xaa,
  0xaa, 0xaa, 0xaa, 0xaa, 0xaa, 0xaa, 0xaa, 0xaa, 0xaa, 0xaa, 0xaa, 0xaa,
  0xaa, 0xaa, 0xaa, 0xaa, 0xaa, 0xaa, 0xaa, 0xaa, 0xaa, 0xaa, 0xaa, 0xaa,
  0xaa, 0xaa, 0xaa, 0xaa, 0xaa, 0xaa, 0xaa, 0xaa, 0xaa, 0xaa, 0xaa, 0xaa,
  0xaa, 0xaa, 0xaa, 0xaa, 0xaa, 0xaa, 0xaa, 0xaa, 0xaa, 0xaa, 0xaa, 0xaa,
  0xaa, 0xaa, 0xaa, 0xaa, 0xaa, 0xaa, 0xaa, 0xaa, 0xaa, 0xaa, 0xaa, 0xaa,
  0xaa, 0xaa, 0xaa, 0xaa, 0xaa, 0xaa, 0xaa, 0xaa, 0xaa, 0xaa, 0xaa, 0xaa,
  0xaa, 0xaa, 0xaa, 0xaa, 0xaa, 0xaa, 0xaa, 0xaa, 0xaa, 0xaa, 0xaa, 0xaa,
  0xaa, 0xaa, 0xaa, 0xaa, 0xaa, 0xaa, 0xaa, 0xaa, 0xaa, 0xaa, 0xaa, 0xaa,
  0xaa, 0xaa, 0xaa, 0xaa, 0xaa, 0xaa, 0xaa, 0xaa, 0xaa, 0xaa, 0xaa, 0xaa,
  0xaa, 0xaa, 0xaa, 0xaa, 0xaa, 0xaa, 0xaa, 0xaa, 0xaa, 0xaa, 0xaa, 0xaa,
  0xaa, 0xaa, 0xaa, 0xaa, 0xff, 0xb1, 0x4f, 0x0e, 0x26, 0x39, 0x85, 0x7c,
  0x16, 0xd0, 0x28, 0x05, 0x80, 0xe0, 0x06, 0x84, 0x60, 0x18, 0x18, 0x05,
  0x20, 0xa2, 0x9c, 0x56, 0xbf, 0x38, 0x1c, 0xeb, 0xd9, 0x88, 0x0f, 0x03,
  0x41, 0x52, 0xa1, 0x73, 0xb5, 0x80, 0x70, 0x25, 0x90, 0xfe, 0xff, 0xf3,
  0xa0, 0xc4, 0x2a, 0x15, 0xa0, 0xea, 0x14, 0x00, 0xfe, 0xce, 0x64, 0xc7,
  0xda, 0xe2, 0xef, 0x5d, 0x7f, 0xff, 0x26, 0xd6, 0x5d, 0xbf, 0xad, 0x87,
  0x17, 0xc9, 0x35, 0xfa, 0x7e, 0xea, 0xb7, 0xbf, 0x7b, 0x1c, 0xad, 0xb4,
  0x12, 0xff, 0x7c, 0x40, 0xc4, 0xa0, 0x8b, 0x2d, 0xd6, 0x8e, 0x8b, 0x59,
  0x4e, 0xe9, 0xed, 0x1d, 0x4d, 0x5d, 0xde, 0xba, 0x4c, 0x41, 0x4d, 0x45,
  0x33, 0x2e, 0x31, 0x30, 0x31, 0x20, 0x28, 0x62, 0x65, 0x74, 0x61, 0x20,
  0x33, 0x29, 0xaa, 0xaa, 0xaa, 0xaa, 0xaa, 0xaa, 0xaa, 0xaa, 0xaa, 0xaa,
  0xaa, 0xaa, 0xaa, 0xaa, 0xaa, 0xaa, 0xaa, 0xaa, 0xaa, 0xaa, 0xaa, 0xaa,
  0xaa, 0xaa, 0xaa, 0xaa, 0xaa, 0xaa, 0xaa, 0xaa, 0xaa, 0xaa, 0xaa, 0xaa,
  0xaa, 0xaa, 0xaa, 0xaa, 0xaa, 0xaa, 0xaa, 0xaa, 0xaa, 0xaa, 0xaa, 0xaa,
  0xaa, 0xaa, 0xaa, 0xaa, 0xaa, 0xaa, 0xaa, 0xaa, 0xaa, 0xaa, 0xaa, 0xaa,
  0xaa, 0xaa, 0xaa, 0xaa, 0xaa, 0xaa, 0xaa, 0xaa, 0xaa, 0xaa, 0xaa, 0xaa,
  0xaa, 0xaa, 0xaa, 0xaa, 0xaa, 0xaa, 0xaa, 0xaa, 0xaa, 0xaa, 0xaa, 0xaa,
  0xaa, 0xaa, 0xaa, 0xaa, 0xaa, 0xaa, 0xaa, 0xaa, 0xaa, 0xaa, 0xaa, 0xaa,
  0xaa, 0xaa, 0xaa, 0xaa, 0xaa, 0xaa, 0xaa, 0xaa, 0xaa, 0xaa, 0xaa, 0xaa,
  0xaa, 0xaa, 0xaa, 0xaa, 0xaa, 0xaa, 0xaa, 0xaa, 0xaa, 0xaa, 0xaa, 0xaa,
  0xaa, 0xaa, 0xaa, 0xaa, 0xaa, 0xaa, 0xaa, 0xaa, 0xaa, 0xaa, 0xaa, 0xaa,
  0xaa, 0xaa, 0xaa, 0xaa, 0xaa, 0xaa, 0xaa, 0xaa, 0xaa, 0xaa, 0xaa, 0xaa,
  0xaa, 0xaa, 0xaa, 0xaa, 0xaa, 0xaa, 0xaa, 0xaa, 0xaa, 0xaa, 0xaa, 0xaa,
  0xaa, 0xaa, 0xaa, 0xaa, 0xaa, 0xaa, 0xaa, 0xaa, 0xaa, 0xaa, 0xaa, 0xaa,
  0xaa, 0xaa, 0xaa, 0xaa, 0xaa, 0xaa, 0xaa, 0xaa, 0xaa, 0xaa, 0xaa, 0xaa,
  0xbb, 0xd9, 0x7b, 0x48, 0x67, 0xa4, 0x80, 0x03, 0x18, 0x54, 0x21, 0x7c,
  0x98, 0x07, 0x20, 0x19, 0x98, 0x00, 0xc0, 0x12, 0x18, 0x06, 0x20, 0x11,
  0x18, 0x28, 0x81, 0x3e, 0x1c, 0xa9, 0x1e, 0xc5, 0x9b, 0x1f, 0xe7, 0x9c,
  0x61, 0xbe, 0x10, 0x5f, 0xb6, 0xb2, 0x92, 0x6a, 0x67, 0x2e, 0xa4, 0x96,
  0x07, 0x16, 0x08, 0x42, 0x91, 0x4e, 0x72, 0x34, 0x4b, 0x3a, 0x33, 0xff,
  0xf3, 0xa2, 0xc4, 0x3b, 0x1a, 0x40, 0xee, 0x14, 0x00, 0xfe, 0x84, 0x68,
  0xac, 0x8d, 0xbb, 0xa3, 0x7d, 0x22, 0x2c, 0xd8, 0x95, 0x29, 0x15, 0xae,
  0x14, 0xbd, 0x1a, 0x1d, 0x51, 0xdb, 0x2e, 0xb1, 0xcf, 0x44, 0xa7, 0xba,
  0x8d, 0xb6, 0x8e, 0x31, 0x1d, 0x46, 0x52, 0x87, 0x8b, 0x5a, 0xaa, 0x99,
  0x6b, 0x5f, 0xc6, 0xe1, 0xa7, 0x26, 0x9b, 0x73, 0x9a, 0xaa, 0x4c, 0x41,
  0x4d, 0x45, 0x33, 0x2e, 0x31, 0x30, 0x31, 0x20, 0x28, 0x62, 0x65, 0x74,
  0x61, 0x20, 0x33, 0x29, 0xaa, 0xaa, 0xaa, 0xaa, 0xaa, 0xaa, 0xaa, 0xaa,
  0xaa, 0xaa, 0xaa, 0xaa, 0xaa, 0xaa, 0xaa, 0xaa, 0xaa, 0xaa, 0xaa, 0xaa,
  0xaa, 0xaa, 0xaa, 0xaa, 0xaa, 0xaa, 0xaa, 0xaa, 0xaa, 0xaa, 0xaa, 0xaa,
  0xaa, 0xaa, 0xaa, 0xaa, 0xaa, 0xaa, 0xaa, 0xaa, 0xaa, 0xaa, 0xaa, 0xaa,
  0xaa, 0xaa, 0xaa, 0xaa, 0xaa, 0xaa, 0xaa, 0xaa, 0xaa, 0xaa, 0xaa, 0xaa,
  0xaa, 0xaa, 0xaa, 0xaa, 0xaa, 0xaa, 0xaa, 0xaa, 0xaa, 0xaa, 0xaa, 0xaa,
  0xaa, 0xaa, 0xaa, 0xaa, 0xaa, 0xaa, 0xaa, 0xaa, 0xaa, 0xaa, 0xaa, 0xaa,
  0xaa, 0xaa, 0xaa, 0xaa, 0xaa, 0xaa, 0xaa, 0xaa, 0xaa, 0xaa, 0xaa, 0xaa,
  0xaa, 0xaa, 0xaa, 0xaa, 0xaa, 0xaa, 0xaa, 0xaa, 0xaa, 0xaa, 0xaa, 0xaa,
  0xaa, 0xaa, 0xaa, 0xaa, 0xaa, 0xaa, 0xaa, 0xaa, 0xaa, 0xaa, 0xaa, 0xaa,
  0xaa, 0xaa, 0xaa, 0xaa, 0xaa, 0xaa, 0xaa, 0xaa, 0xaa, 0xaa, 0xaa, 0xaa,
  0xaa, 0xaa, 0xaa, 0xaa, 0xaa, 0xaa, 0xaa, 0xaa, 0xaa, 0xaa, 0xaa, 0xaa,
  0xaa, 0xaa, 0xaa, 0xaa, 0xaa, 0xaa, 0xaa, 0xaa, 0xaa, 0xaa, 0xaa, 0xaa,
  0xaa, 0xaa, 0xaa, 0xaa, 0xaa, 0xaa, 0xaa, 0xaa, 0xaa, 0xaa, 0xaa, 0xaa,
  0xaa, 0xaa, 0xaa, 0xaa, 0xaa, 0xaa, 0xaa, 0xaa, 0xaa, 0xaa, 0xad, 0x33,
  0x30, 0xf0, 0x90, 0x80, 0x03, 0x81, 0xa9, 0xcb, 0x96, 0xf1, 0x83, 0xe3,
  0xf1, 0x83, 0x41, 0x79, 0x81, 0x0c, 0x02, 0x49, 0x83, 0x32, 0x0a, 0x31,
  0xcc, 0xbb, 0xca, 0x71, 0x87, 0x16, 0x04, 0xe1, 0x81, 0x98, 0x01, 0xe9,
  0x80, 0x8a, 0x00, 0x31, 0x10, 0x07, 0x25, 0x00, 0x11, 0x22, 0x43, 0x30,
  0x6e, 0x35, 0x34, 0x2c, 0xa2, 0xa8, 0x66, 0x47, 0x56, 0x34, 0x36, 0xad,
  0xff, 0xff, 0xf3, 0xa0, 0xc4, 0x3f, 0x1a, 0xd1, 0x46, 0x14, 0x00, 0xef,
  0xca, 0x4c, 0xdd, 0x29, 0xd8, 0x4f, 0x5f, 0x5f, 0xfb, 0x6a, 0xa3, 0x12,
  0x64, 0xad, 0x7a, 0x6b, 0x9b, 0x71, 0xac, 0x34, 0xcf, 0x2e, 0x2d, 0xe3,
  0xcf, 0xbc, 0xe6, 0xc7, 0xfb, 0xd5, 0x1a, 0x21, 0xed, 0xe2, 0xb5, 0x52,
  0xef, 0xfd, 0x45, 0x11, 0x53, 0xcb, 0xd5, 0xb7, 0xe3, 0x7a, 0x6a, 0x4c,
  0x41, 0x4d, 0x45, 0x33, 0x2e, 0x31, 0x30, 0x31, 0x20, 0x28, 0x62, 0x65,
  0x74, 0x61, 0x20, 0x33, 0x29, 0xaa, 0xaa, 0xaa, 0xaa, 0xaa, 0xaa, 0xaa,
  0xaa, 0xaa, 0xaa, 0xaa, 0xaa, 0xaa, 0xaa, 0xaa, 0xaa, 0xaa, 0xaa, 0xaa,
  0xaa, 0xaa, 0xaa, 0xaa, 0xaa, 0xaa, 0xaa, 0xaa, 0xaa, 0xaa, 0xaa, 0xaa,
  0xaa, 0xaa, 0xaa, 0xaa, 0xaa, 0xaa, 0xaa, 0xaa, 0xaa, 0xaa, 0xaa, 0xaa,
  0xaa, 0xaa, 0xaa, 0xaa, 0xaa, 0xaa, 0xaa, 0xaa, 0xaa, 0xaa, 0xaa, 0xaa,
  0xaa, 0xaa, 0xaa, 0xaa, 0xaa, 0xaa, 0xaa, 0xaa, 0xaa, 0xaa, 0xaa, 0xaa,
  0xaa, 0xaa, 0xaa, 0xaa, 0xaa, 0xaa, 0xaa, 0xaa, 0xaa, 0xaa, 0xaa, 0xaa,
  0xaa, 0xaa, 0xaa, 0xaa, 0xaa, 0xaa, 0xaa, 0xaa, 0xaa, 0xaa, 0xaa, 0xaa,
  0xaa, 0xaa, 0xaa, 0xaa, 0xaa, 0xaa, 0xaa, 0xaa, 0xaa, 0xaa, 0xaa, 0xaa,
  0xaa, 0xaa, 0xaa, 0xaa, 0xaa, 0xaa, 0xaa, 0xaa, 0xaa, 0xaa, 0xaa, 0xaa,
  0xaa, 0xaa, 0xaa, 0xaa, 0xaa, 0xaa, 0xaa, 0xaa, 0xaa, 0xaa, 0xaa, 0xaa,
  0xaa, 0xaa, 0xaa, 0xaa, 0xaa, 0xaa, 0xaa, 0xaa, 0xaa, 0xaa, 0xaa, 0xaa,
  0xaa, 0xaa, 0xaa, 0xaa, 0xaa, 0xaa, 0xaa, 0xaa, 0xaa, 0xaa, 0xaa, 0xaa,
  0xaa, 0xaa, 0xaa, 0xaa, 0xaa, 0xaa, 0xaa, 0xaa, 0xaa, 0xaa, 0xaa, 0xaa,
  0xaa, 0xaa, 0xaa, 0xa5, 0x9a, 0x80, 0x59, 0xf0, 0xe0, 0x00, 0x61, 0x50,
  0x11, 0x0c, 0x25, 0x30, 0xc5, 0x4c, 0x04, 0xe0, 0x24, 0xcc, 0x04, 0xd0,
  0x17, 0x8c, 0x0a, 0x50, 0x23, 0x0c, 0x1b, 0x60, 0x73, 0x4e, 0x91, 0x8e,
  0x5b, 0xcf, 0xea, 0x2c, 0x4c, 0xf3, 0x0e, 0x8c, 0x6a, 0x04, 0xc0, 0xc3,
  0x50, 0xf0, 0x5a, 0x24, 0x01, 0xad, 0x36, 0xed, 0x11, 0xcb, 0x3e, 0xe9,
  0x3f, 0x0c, 0xb2, 0xd6, 0x44, 0x56, 0xbb, 0x3d, 0xb7, 0x4c, 0x41, 0xb6,
  0x09, 0x5e, 0xff, 0xf3, 0xa2, 0xc4, 0x47, 0x1d, 0x08, 0xea, 0x10, 0x00,
  0xff, 0x4a, 0x68, 0x9a, 0xf4, 0x9d, 0x4d, 0xe6, 0xac, 0x71, 0x48, 0xa2,
  0x09, 0x74, 0xa6, 0xc2, 0x4a, 0xb1, 0x9e, 0x8f, 0x2b, 0x8d, 0xbd, 0xcd,
  0x64, 0x22, 0x80, 0x19, 0xba, 0xa9, 0xb1, 0xcc, 0x2e, 0xfd, 0x33, 0xa6,
  0x00, 0xbc, 0x52, 0x97, 0xb2, 0x18, 0xa9, 0x77, 0xa4, 0xe2, 0xfe, 0xe6,
  0x55, 0x4c, 0x41, 0x4d, 0x45, 0x33, 0x2e, 0x31, 0x30, 0x31, 0x20, 0x28,
  0x62, 0x65, 0x74, 0x61, 0x20, 0x33, 0x29, 0x55, 0x55, 0x55, 0x55, 0x55,
  0x55, 0x55, 0x55, 0x55, 0x55, 0x55, 0x55, 0x55, 0x55, 0x55, 0x55, 0x55,
  0x55, 0x55, 0x55, 0x55, 0x55, 0x55, 0x55, 0x55, 0x55, 0x55, 0x55, 0x55,
  0x55, 0x55, 0x55, 0x55, 0x55, 0x55, 0x55, 0x55, 0x55, 0x55, 0x55, 0x55,
  0x55, 0x55, 0x55, 0x55, 0x55, 0x55, 0x55, 0x55, 0x55, 0x55, 0x55, 0x55,
  0x55, 0x55, 0x55, 0x55, 0x55, 0x55, 0x55, 0x55, 0x55, 0x55, 0x55, 0x55,
  0x55, 0x55, 0x55, 0x55, 0x55, 0x55, 0x55, 0x55, 0x55, 0x55, 0x55, 0x55,
  0x55, 0x55, 0x55, 0x55, 0x55, 0x55, 0x55, 0x55, 0x55, 0x55, 0x55, 0x55,
  0x55, 0x55, 0x55, 0x55, 0x55, 0x55, 0x55, 0x55, 0x55, 0x55, 0x55, 0x55,
  0x55, 0x55, 0x55, 0x55, 0x55, 0x55, 0x55, 0x55, 0x55, 0x55, 0x55, 0x55,
  0x55, 0x55, 0x55, 0x55, 0x55, 0x55, 0x55, 0x55, 0x55, 0x55, 0x55, 0x55,
  0x55, 0x55, 0x55, 0x55, 0x55, 0x55, 0x55, 0x55, 0x55, 0x55, 0x55, 0x55,
  0x55, 0x55, 0x55, 0x55, 0x55, 0x55, 0x55, 0x55, 0x55, 0x55, 0x55, 0x55,
  0x55, 0x55, 0x95, 0x44, 0x60, 0x25, 0xf2, 0x32, 0x02, 0x00, 0x04, 0xf3,
  0x8e, 0x33, 0x23, 0x1b, 0xca, 0x63, 0x18, 0x87, 0x33, 0x03, 0x00, 0x0b,
  0x53, 0x07, 0xb4, 0x26, 0x43, 0xab, 0xd7, 0x85, 0x43, 0x11, 0x74, 0x0f,
  0x03, 0x04, 0x48, 0x05, 0x53, 0x01, 0xe4, 0x02, 0x03, 0x00, 0xf0, 0x00,
  0x71, 0x60, 0x0d, 0x84, 0x80, 0x04, 0x55, 0x46, 0x63, 0x0d, 0x63, 0x46,
  0xd7, 0xd1, 0x43, 0x7e, 0xd9, 0xea, 0xfb, 0x19, 0x53, 0x13, 0xb0, 0xf9,
  0x87, 0x67, 0x79, 0x9d, 0xf7, 0x4a, 0xbc, 0xe4, 0xe6, 0x36, 0x67, 0xfd,
  0xb9, 0xef, 0x44, 0xaf, 0xff, 0xf3, 0xa0, 0xc4, 0x56, 0x20, 0xbb, 0x6e,
  0x0c, 0x00, 0xef, 0xce, 0x4c, 0x99, 0x3a, 0x6c, 0xca, 0x73, 0x53, 0xf4,
  0xef, 0xbf, 0xb6, 0xf3, 0x7a, 0x35, 0x99, 0xfb, 0xd9, 0xb4, 0xbf, 0x5f,
  0x46, 0x57, 0x5d, 0x33, 0x15, 0x1d, 0x19, 0x5b, 0x57, 0x4a, 0x68, 0xc7,
  0xb5, 0xf5, 0x97, 0xd7, 0x1f, 0xbd, 0x64, 0xa2, 0xa2, 0xac, 0x08, 0x6c,
  0x37, 0x3a, 0x4c, 0x41, 0x4d, 0x45, 0x33, 0x2e, 0x31, 0x30, 0x31, 0x20,
  0x28, 0x62, 0x65, 0x74, 0x61, 0x20, 0x33, 0x29, 0xaa, 0xaa, 0xaa, 0xaa,
  0xaa, 0xaa, 0xaa, 0xaa, 0xaa, 0xaa, 0xaa, 0xaa, 0xaa, 0xaa, 0xaa, 0xaa,
  0xaa, 0xaa, 0xaa, 0xaa, 0xaa, 0xaa, 0xaa, 0xaa, 0xaa, 0xaa, 0xaa, 0xaa,
  0xaa, 0xaa, 0xaa, 0xaa, 0xaa, 0xaa, 0xaa, 0xaa, 0xaa, 0xaa, 0xaa, 0xaa,
  0xaa, 0xaa, 0xaa, 0xaa, 0xaa, 0xaa, 0xaa, 0xaa, 0xaa, 0xaa, 0xaa, 0xaa,
  0xaa, 0xaa, 0xaa, 0xaa, 0xaa, 0xaa, 0xaa, 0xaa, 0xaa, 0xaa, 0xaa, 0xaa,
  0xaa, 0xaa, 0xaa, 0xaa, 0xaa, 0xaa, 0xaa, 0xaa, 0xaa, 0xaa, 0xaa, 0xaa,
  0xaa, 0xaa, 0xaa, 0xaa, 0xaa, 0xaa, 0xaa, 0xaa, 0xaa, 0xaa, 0xaa, 0xaa,
  0xaa, 0xaa, 0xaa, 0xaa, 0xaa, 0xaa, 0xaa, 0xaa, 0xaa, 0xaa, 0xaa, 0xaa,
  0xaa, 0xaa, 0xaa, 0xaa, 0xaa, 0xaa, 0xaa, 0xaa, 0xaa, 0xaa, 0xaa, 0xaa,
  0xaa, 0xaa, 0xaa, 0xaa, 0xaa, 0xaa, 0xaa, 0xaa, 0x8c, 0xc3, 0x4d, 0x25,
  0x55, 0x84, 0x00, 0x07, 0x98, 0x01, 0x60, 0x35, 0x18, 0x4a, 0x61, 0xd2,
  0x98, 0x15, 0x80, 0x6e, 0x98, 0x12, 0x60, 0x4f, 0x18, 0x20, 0xa0, 0x82,
  0x18, 0x4e, 0xc1, 0xc2, 0x9e, 0x31, 0x9e, 0x8e, 0x98, 0xb0, 0x80, 0xb5,
  0x98, 0x2c, 0x20, 0x42, 0x18, 0x14, 0x00, 0x1e, 0x98, 0x0a, 0xa0, 0x0b,
  0x03, 0x80, 0x55, 0x12, 0x00, 0x4d, 0x19, 0xd5, 0x59, 0xc1, 0xb4, 0xc9,
  0x7d, 0x9b, 0x31, 0x73, 0x03, 0xc0, 0x87, 0x24, 0xb5, 0xcc, 0x0c, 0x9e,
  0xb3, 0x5b, 0xf7, 0xe5, 0x6c, 0x48, 0xfb, 0xf7, 0xca, 0x5d, 0xbf, 0x5e,
  0x1f, 0x71, 0x8f, 0x7a, 0x79, 0xc2, 0xf9, 0xc2, 0x2d, 0x33, 0x2a, 0x01,
  0xed, 0x16, 0x67, 0x7f, 0xb3, 0x33, 0x7b, 0x24, 0x4c, 0x97, 0x2e, 0xe4,
  0x64, 0x54, 0x8b, 0x84, 0x4d, 0xff, 0xf3, 0xa2, 0xc4, 0x75, 0x28, 0xbb,
  0xf6, 0x04, 0x00, 0xfa, 0x06, 0xd1, 0x54, 0x6c, 0xe5, 0xdf, 0xd6, 0x42,
  0xf3, 0x2c, 0xa1, 0x11, 0xa1, 0xc8, 0xdf, 0xf7, 0x24, 0xda, 0xc7, 0xe7,
  0x72, 0xcf, 0xf8, 0x59, 0x2e, 0x6d, 0x2a, 0x7f, 0x99, 0xa4, 0xc9, 0xdc,
  0x8c, 0xf2, 0xbb, 0xc6, 0xe4, 0x3c, 0x59, 0x5c, 0xa6, 0x4f, 0x51, 0xd0,
  0x14, 0xac, 0x82, 0x63, 0x4c, 0x41, 0x4d, 0x45, 0x33, 0x2e, 0x31, 0x30,
  0x31, 0x20, 0x28, 0x62, 0x65, 0x74, 0x61, 0x20, 0x33, 0x29, 0x55, 0x55,
  0x55, 0x55, 0x55, 0x55, 0x55, 0x55, 0x55, 0x55, 0x55, 0x55, 0x55, 0x55,
  0x55, 0x55, 0x55, 0x55, 0x55, 0x55, 0x55, 0x55, 0x55, 0x55, 0x55, 0x55,
  0x55, 0x55, 0x55, 0x55, 0x55, 0x55, 0x55, 0x55, 0x55, 0x55, 0x55, 0x55,
  0x55, 0x55, 0x55, 0x55, 0x55, 0x55, 0x55, 0x55, 0x55, 0x55, 0x55, 0x55,
  0x55, 0x55, 0x55, 0x55, 0x55, 0x55, 0x55, 0x55, 0x55, 0x55, 0x55, 0x55,
  0x55, 0x55, 0x55, 0x55, 0x55, 0x55, 0x55, 0x55, 0x55, 0x55, 0x55, 0x55,
  0x55, 0x55, 0x55, 0x55, 0x55, 0x55, 0x55, 0x55, 0x55, 0x55, 0x55, 0x55,
  0x55, 0x55, 0x55, 0x55, 0x55, 0x55, 0x55, 0x55, 0x55, 0x55, 0x55, 0x55,
  0x55, 0x55, 0x55, 0x55, 0x55, 0x55, 0x7f, 0x9c, 0x15, 0xa4, 0x84, 0xd0,
  0x48, 0x30, 0x60, 0xe1, 0x1a, 0x72, 0x07, 0xd4, 0x68, 0x0a, 0x38, 0x66,
  0x91, 0xae, 0x60, 0xad, 0x02, 0xe2, 0x61, 0x91, 0x8a, 0x1c, 0x7b, 0x49,
  0xfe, 0xcc, 0x63, 0x78, 0x84, 0x20, 0x60, 0xe1, 0x01, 0x96, 0x60, 0x69,
  0x80, 0xc4, 0x60, 0x38, 0x00, 0x5e, 0x60, 0x1d, 0x80, 0x0c, 0x24, 0x01,
  0x02, 0x1c, 0x10, 0x9a, 0xc4, 0xb1, 0xe2, 0x91, 0x9e, 0xb2, 0x06, 0x28,
  0xd0, 0x0f, 0x17, 0x73, 0x3a, 0x97, 0xcf, 0x1f, 0xa3, 0xc6, 0x84, 0x94,
  0x06, 0xf7, 0x72, 0xdf, 0x13, 0xd4, 0x0f, 0x19, 0x4f, 0x7d, 0x4b, 0xc0,
  0x9f, 0x8f, 0xa5, 0x9d, 0xe2, 0x86, 0xa4, 0x23, 0x76, 0x95, 0x32, 0x2f,
  0x43, 0x9a, 0xe3, 0xee, 0xa0, 0xa7, 0x4b, 0x93, 0x25, 0x55, 0x92, 0x45,
  0x46, 0xd4, 0x23, 0x4c, 0x8c, 0x6a, 0x8d, 0x67, 0x7b, 0xf8, 0xb3, 0xcf,
  0x39, 0x62, 0xa6, 0x6b, 0x3e, 0xca, 0x1c, 0xff, 0xf3, 0xa0, 0xc4, 0x85,
  0x2c, 0x73, 0x6d, 0xfc, 0x00, 0xef, 0xd0, 0x4d, 0x9d, 0x7d, 0x3f, 0x4c,
  0x2b, 0xd4, 0xcb, 0xd2, 0xc5, 0x45, 0x21, 0x5a, 0xcc, 0x68, 0x72, 0xb9,
  0xc8, 0x36, 0xfb, 0x32, 0x3b, 0xf4, 0x88, 0x69, 0x25, 0x26, 0xc9, 0x82,
  0xce, 0xe6, 0x51, 0x45, 0x6b, 0xac, 0x00, 0x08, 0x84, 0x52, 0x16, 0xf8,
  0x8d, 0x23, 0x02, 0xb3, 0x99, 0x4c, 0x41, 0x4d, 0x45, 0x33, 0x2e, 0x31,
  0x30, 0x31, 0x20, 0x28, 0x62, 0x65, 0x74, 0x61, 0x20, 0x33, 0x29, 0x55,
  0x55, 0x55, 0x55, 0x55, 0x55, 0x55, 0x55, 0x55, 0x55, 0x55, 0x55, 0x55,
  0x55, 0x55, 0x55, 0x55, 0x55, 0x55, 0x55, 0x55, 0x55, 0x55, 0x55, 0x55,
  0x55, 0x55, 0x55, 0x55, 0x55, 0x55, 0x55, 0x55, 0x55, 0x55, 0x55, 0x55,
  0x55, 0x55, 0x55, 0x55, 0x55, 0x55, 0x55, 0x55, 0x55, 0x55, 0x55, 0x55,
  0x55, 0x55, 0x55, 0x55, 0x55, 0x55, 0x55, 0x55, 0x55, 0x55, 0x55, 0x55,
  0x55, 0x55, 0x55, 0x55, 0x55, 0x55, 0x55, 0x55, 0x55, 0x55, 0x55, 0x55,
  0x55, 0x55, 0x55, 0x55, 0x67, 0x2b, 0x99, 0x39, 0x42, 0xa0, 0x11, 0x80,
  0xc1, 0x39, 0x86, 0xe5, 0xb1, 0xbb, 0x7e, 0x19, 0xae, 0x8b, 0x79, 0xa4,
  0xe9, 0x01, 0x83, 0x8e, 0x10, 0x01, 0x87, 0xec, 0x39, 0x49, 0xef, 0x29,
  0xe7, 0x39, 0x91, 0x5c, 0x17, 0x99, 0x84, 0x76, 0x09, 0x31, 0x82, 0x1c,
  0x04, 0xb9, 0x81, 0x2a, 0x02, 0x71, 0x80, 0xa0, 0x00, 0xc9, 0x10, 0x06,
  0x65, 0x50, 0x01, 0xc1, 0xa0, 0x00, 0x26, 0x2c, 0xbb, 0x76, 0x3b, 0xf7,
  0xf5, 0x86, 0x37, 0xfb, 0xf8, 0xb4, 0xce, 0xe3, 0xca, 0x6e, 0x3a, 0xc2,
  0x58, 0x91, 0x5a, 0xad, 0xd6, 0x16, 0xeb, 0x07, 0xb1, 0x78, 0x38, 0xb8,
  0x5b, 0xea, 0x34, 0x3e, 0x2a, 0x6b, 0x6a, 0x50, 0xd7, 0x37, 0x47, 0x2b,
  0x72, 0xb5, 0x11, 0x31, 0x0e, 0xe2, 0xee, 0xae, 0x12, 0x2a, 0x9e, 0x1e,
  0x4e, 0x38, 0x74, 0x8f, 0x29, 0x54, 0x63, 0x1c, 0x36, 0x65, 0x90, 0x4c,
  0x23, 0x3b, 0x34, 0x2a, 0x5d, 0x6d, 0xac, 0x3b, 0x64, 0xe5, 0x11, 0x78,
  0x80, 0xeb, 0x05, 0xa9, 0xb1, 0x08, 0x43, 0x0f, 0xea, 0xde, 0x50, 0xc6,
  0xb7, 0xb4, 0x72, 0xca, 0x59, 0xaa, 0x7b, 0xcc, 0xff, 0xf3, 0xa2, 0xc4,
  0xa0, 0x33, 0x64, 0x05, 0xf4, 0x00, 0xef, 0xd0, 0x59, 0x18, 0xc5, 0xd8,
  0xb9, 0xe6, 0x14, 0x40, 0xd1, 0x11, 0xc7, 0x8b, 0x24, 0x92, 0xb1, 0x03,
  0x5f, 0xb7, 0x96, 0x2e, 0x70, 0xfd, 0xed, 0xe5, 0xde, 0xea, 0x19, 0xd2,
  0x64, 0x7a, 0x41, 0x3c, 0xc0, 0xb4, 0xb1, 0xa2, 0x20, 0xf2, 0x91, 0xee,
  0xb4, 0x9a, 0x8a, 0xa1, 0x6e, 0x0c, 0x75, 0x4c, 0x41, 0x4d, 0x45, 0x33,
  0x2e, 0x31, 0x30, 0x31, 0x20, 0x28, 0x62, 0x65, 0x74, 0x61, 0x20, 0x33,
  0x29, 0x55, 0x55, 0x55, 0x55, 0x55, 0x55, 0x55, 0x55, 0x55, 0x55, 0x55,
  0x55, 0x55, 0x55, 0x55, 0x55, 0x55, 0x55, 0x55, 0x55, 0x55, 0x55, 0x55,
  0x55, 0x55, 0x55, 0x55, 0x55, 0x55, 0x55, 0x55, 0x55, 0x55, 0x4c, 0x64,
  0x55, 0x2d, 0x31, 0x80, 0x0c, 0x00, 0x59, 0x80, 0x3a, 0x01, 0xb1, 0x80,
  0xcc, 0x08, 0x09, 0x81, 0xc8, 0x18, 0x41, 0x84, 0xd2, 0x10, 0xe1, 0x83,
  0xcc, 0x0d, 0xa9, 0x85, 0x70, 0x19, 0x29, 0x8b, 0x72, 0x5b, 0x11, 0xec,
  0xc3, 0xc2, 0x71, 0x98, 0xa6, 0x25, 0xe1, 0x86, 0x74, 0x0f, 0x09, 0x83,
  0x22, 0x07, 0xf1, 0xf3, 0x45, 0x9c, 0x29, 0xb1, 0x13, 0x80, 0x58, 0x60,
  0xc0, 0x05, 0xc0, 0x20, 0x0e, 0x2d, 0xcc, 0x25, 0xd7, 0x33, 0xcf, 0xe8,
  0xb0, 0xfa, 0xb4, 0x8a, 0x5f, 0x57, 0x5c, 0xaf, 0x29, 0x3b, 0x2f, 0x9d,
  0xc2, 0xa1, 0x16, 0x51, 0xda, 0x51, 0x8f, 0x65, 0xf2, 0xa4, 0x00, 0x25,
  0xa6, 0x6a, 0xdb, 0x6f, 0xc6, 0x99, 0xc3, 0x96, 0x31, 0x86, 0xee, 0xfe,
  0x18, 0x2c, 0xcd, 0x5e, 0x6e, 0x70, 0xfa, 0xe4, 0x27, 0x60, 0x42, 0x3f,
  0xd4, 0x2a, 0x34, 0xed, 0x6d, 0x2e, 0xed, 0x96, 0xd6, 0x49, 0x2b, 0x21,
  0x6b, 0x4f, 0x92, 0xbb, 0x64, 0x7f, 0xec, 0xbe, 0xfc, 0x70, 0xed, 0x1e,
  0x5e, 0x62, 0x94, 0x3c, 0x81, 0xe7, 0x5e, 0x7e, 0xd0, 0x65, 0xd7, 0xaf,
  0x44, 0x73, 0xab, 0x7d, 0x73, 0x0e, 0x22, 0x9a, 0x10, 0xdc, 0x4b, 0x8f,
  0xfb, 0x8f, 0xce, 0xfb, 0x2a, 0xde, 0xba, 0x7f, 0xb3, 0x36, 0xf7, 0x4e,
  0x4d, 0x60, 0x58, 0xae, 0x94, 0x7e, 0x04, 0x71, 0x3c, 0x70, 0xfc, 0x16,
  0x5d, 0xd7, 0xee, 0xf5, 0xe7, 0xab, 0xd3, 0xb6, 0xb1, 0x1e, 0xff, 0xf3,
  0xa0, 0xc4, 0xcc, 0x3e, 0x44, 0x15, 0xe8, 0x00, 0xfe, 0xd8, 0x90, 0xa5,
  0x85, 0x45, 0x9a, 0x56, 0x7c, 0x73, 0xf0, 0x34, 0xe2, 0x46, 0xb5, 0x6b,
  0x6e, 0x96, 0x19, 0xa2, 0x6f, 0xc7, 0x96, 0xf3, 0x6b, 0x96, 0xa1, 0x2e,
  0x8f, 0x1b, 0xee, 0x89, 0x0a, 0x53, 0xad, 0x58, 0xd6, 0xee, 0x56, 0xf2,
  0xfb, 0x8b, 0xda, 0x7a, 0xc9, 0x57, 0xa3, 0x3a, 0x50, 0x92, 0xb0, 0x05,
  0x43, 0x00, 0x55, 0x30, 0x14, 0x40, 0x28, 0x30, 0x20, 0x00, 0x91, 0x30,
  0x37, 0xc1, 0xf0, 0x30, 0x1a, 0xc3, 0xb1, 0x31, 0x43, 0x02, 0x1f, 0x30,
  0xe4, 0x41, 0x66, 0x31, 0x52, 0xc5, 0x0e, 0x32, 0xe1, 0x1d, 0x47, 0x3a,
  0x4d, 0x28, 0xe3, 0x37, 0x19, 0x0a, 0x8b, 0x31, 0x39, 0x44, 0x56, 0x30,
  0x61, 0x02, 0x29, 0x36, 0x1f, 0xe0, 0x49, 0x79, 0x97, 0x20, 0x9a, 0x53,
  0xd9, 0x93, 0xb5, 0x0e, 0x1e, 0x98, 0x90, 0x81, 0x12, 0x18, 0x18, 0xc4,
  0xc2, 0xc2, 0x02, 0x81, 0x24, 0x80, 0x48, 0x30, 0x85, 0x69, 0x60, 0x97,
  0x48, 0x05, 0x4d, 0x20, 0xa5, 0x0e, 0x40, 0xca, 0x2c, 0x44, 0xe4, 0x99,
  0x2a, 0xd7, 0x92, 0x68, 0x41, 0xc4, 0xe2, 0x68, 0x93, 0x23, 0xcd, 0x50,
  0x8e, 0x50, 0xb3, 0x12, 0x95, 0x83, 0xd8, 0xc6, 0x44, 0x00, 0x3a, 0x21,
  0xd0, 0x12, 0x65, 0x85, 0x5c, 0x5f, 0x92, 0xee, 0x07, 0x54, 0x3d, 0x29,
  0x54, 0x31, 0x7c, 0x26, 0x66, 0xd5, 0x49, 0xfc, 0xd2, 0x5f, 0x50, 0x96,
  0xd4, 0x35, 0xd3, 0xe8, 0x30, 0x27, 0x7b, 0x5b, 0xbd, 0x92, 0x1b, 0x8b,
  0x31, 0xda, 0x42, 0x54, 0x31, 0xbb, 0x71, 0x6e, 0x1e, 0xa4, 0x2a, 0xad,
  0xce, 0x4c, 0x4f, 0x98, 0x8d, 0x24, 0x39, 0x5c, 0x87, 0x2a, 0x94, 0xb1,
  0xdb, 0x09, 0xd3, 0x4c, 0x04, 0x39, 0xcb, 0xca, 0xae, 0x6f, 0x50, 0xbd,
  0x56, 0xb6, 0x21, 0xd1, 0xd8, 0x63, 0x36, 0xb2, 0xb7, 0x27, 0x90, 0xe6,
  0xb5, 0x61, 0x3a, 0x49, 0x2d, 0x3d, 0x61, 0x54, 0x93, 0xe2, 0xc4, 0x89,
  0x2e, 0x2c, 0xd0, 0x9f, 0x3e, 0xb5, 0x94, 0xcd, 0x24, 0xa5, 0x69, 0x5a,
  0xf5, 0x86, 0x67, 0xd2, 0xc4, 0x57, 0x2e, 0x90, 0xae, 0x5f, 0x92, 0xce,
  0x27, 0xf1, 0xd4, 0x73, 0x2a, 0x5f, 0x29, 0x53, 0x03, 0x89, 0x54, 0xff,
  0xf3, 0xa2, 0xc4, 0xff, 0x51, 0xfc, 0x15, 0xcc, 0x00, 0xfe, 0xde, 0x8c,
  0xcc, 0xb9, 0x68, 0x39, 0x54, 0x2a, 0xd7, 0x1f, 0x55, 0x32, 0x1d, 0x19,
  0x89, 0xdb, 0x0c, 0xd6, 0xcb, 0x0c, 0xd2, 0xa7, 0x9c, 0x9e, 0xb7, 0x2a,
  0xa5, 0x4e, 0xaa, 0x5a, 0xa2, 0xb1, 0x33, 0x5e, 0x45, 0x74, 0x68, 0x48,
  0x74, 0xcf, 0x99, 0xa1, 0xb8, 0xa9, 0x9d, 0xbd, 0x80, 0x7e, 0xa8, 0x6a,
  0xad, 0x6c, 0x73, 0x54, 0x93, 0xe3, 0xac, 0x4d, 0x92, 0xd2, 0x47, 0x43,
  0x58, 0x0e, 0xa8, 0xf8, 0x6a, 0x51, 0x36, 0xc4, 0x72, 0x4e, 0xa8, 0x64,
  0x8e, 0x4c, 0x41, 0x4d, 0x45, 0x33, 0x2e, 0x31, 0x30, 0x31, 0x20, 0x28,
  0x62, 0x65, 0x74, 0x61, 0x20, 0x33, 0x29, 0xaa, 0xaa, 0xaa, 0xaa, 0xaa,
  0x30, 0xc0, 0x83, 0x6b, 0x0e, 0x39, 0x86, 0xd3, 0x91, 0xb8, 0x35, 0xaf,
  0x13, 0x16, 0xea, 0x39, 0x98, 0x30, 0x79, 0x21, 0x85, 0x1a, 0x9c, 0x36,
  0xd9, 0x8f, 0xfd, 0x1b, 0x9d, 0xa9, 0xde, 0x1f, 0x1d, 0xe8, 0x41, 0xd7,
  0x26, 0x9a, 0xdd, 0x4c, 0x6a, 0x88, 0x19, 0x9d, 0x66, 0xc6, 0x53, 0xa4,
  0x19, 0x36, 0x3a, 0x6a, 0x85, 0xb1, 0xaf, 0x48, 0x24, 0xd2, 0xd3, 0x2e,
  0x80, 0x83, 0x0c, 0x22, 0xc2, 0xb0, 0x70, 0x11, 0x32, 0x0b, 0xca, 0x2a,
  0x02, 0x48, 0xf4, 0x90, 0x44, 0xa0, 0x70, 0x04, 0x02, 0x06, 0x0a, 0x03,
  0x45, 0x01, 0xe2, 0x00, 0x31, 0x6d, 0xd0, 0x81, 0x28, 0x95, 0x85, 0x4d,
  0x95, 0xb5, 0x60, 0x96, 0xd3, 0x2b, 0x79, 0x21, 0x54, 0xb7, 0x9f, 0xe6,
  0x52, 0xcc, 0x99, 0xf3, 0x73, 0x76, 0x1f, 0xb0, 0xe0, 0x34, 0x29, 0x0b,
  0x02, 0xa0, 0xe8, 0xa0, 0xdb, 0x32, 0xf1, 0x59, 0x52, 0xaa, 0x4e, 0x1b,
  0x9f, 0xff, 0x2b, 0xbc, 0x69, 0x09, 0x62, 0xa7, 0x54, 0x6f, 0x27, 0x9d,
  0x65, 0x55, 0x4a, 0x70, 0x9d, 0x5a, 0x49, 0xa6, 0x94, 0xf3, 0xc9, 0x54,
  0x93, 0x4e, 0x1b, 0xee, 0x51, 0x59, 0x34, 0xd2, 0x9c, 0x27, 0x92, 0x8d,
  0x56, 0xe6, 0xb2, 0x88, 0xa9, 0x62, 0xa5, 0x4a, 0x23, 0x76, 0xe7, 0xab,
  0xb8, 0x6c, 0x6a, 0xf3, 0x7f, 0xab, 0xad, 0x8c, 0xae, 0xab, 0xee, 0x49,
  0x09, 0x11, 0x51, 0xa1, 0xa2, 0xea, 0x2e, 0x92, 0x6b, 0x15, 0x1a, 0x0f,
  0x17, 0xff, 0xf3, 0xa0, 0xc4, 0xcd, 0x3e, 0x64, 0x01, 0x54, 0x00, 0xdf,
  0x12, 0x99, 0x40, 0xfc, 0xba, 0xb4, 0x92, 0x9c, 0x37, 0x25, 0x1a, 0xbb,
  0x86, 0xe6, 0xdd, 0x5d, 0x55, 0xe6, 0xfd, 0x8c, 0xaf, 0x7f, 0xff, 0x62,
  0xb2, 0xa9, 0xd5, 0xc9, 0x94, 0x41, 0x50, 0x58, 0x1d, 0x07, 0x46, 0x08,
  0xc9, 0x0d, 0x99, 0x26, 0x21, 0x2c, 0x71, 0x76, 0x1e, 0xa9, 0x2a, 0x4c,
  0x41, 0x4d, 0x45, 0x33, 0x2e, 0x31, 0x30, 0x31, 0x20, 0x28, 0x62, 0x65,
  0x74, 0x61, 0x20, 0x33, 0x29, 0xaa, 0xaa, 0xaa, 0xaa, 0xaa, 0xaa, 0xaa,
  0xaa, 0xaa, 0xaa, 0xaa, 0xaa, 0xaa, 0xaa, 0xaa, 0xaa, 0xaa, 0xaa, 0xaa,
  0xaa, 0xaa, 0xaa, 0xaa, 0xaa, 0xaa, 0xaa, 0xaa, 0xaa, 0xaa, 0xaa, 0xaa,
  0xaa, 0xaa, 0xaa, 0xaa, 0xaa, 0xaa, 0xaa, 0xaa, 0xaa, 0xaa, 0xaa, 0xaa,
  0xaa, 0xaa, 0xaa, 0xaa, 0xaa, 0xaa, 0xaa, 0xaa, 0xaa, 0xaa, 0xaa, 0xaa,
  0xaa, 0xaa, 0xaa, 0xaa, 0xaa, 0xaa, 0xaa, 0xaa, 0xaa, 0xaa, 0xaa, 0xaa,
  0xaa, 0xaa, 0xaa, 0xaa, 0xaa, 0xaa, 0xaa, 0xaa, 0xaa, 0xaa, 0xaa, 0xaa,
  0xaa, 0xaa, 0xaa, 0xaa, 0xaa, 0xaa, 0xaa, 0xaa, 0xaa, 0xaa, 0xaa, 0xaa,
  0xaa, 0xaa, 0xaa, 0xaa, 0xaa, 0xaa, 0xaa, 0xaa, 0xaa, 0xaa, 0xaa, 0xaa,
  0xaa, 0xaa, 0xaa, 0xaa, 0xaa, 0xaa, 0xaa, 0xaa, 0xaa, 0xaa, 0xaa, 0xaa,
  0xaa, 0xaa, 0xaa, 0xaa, 0xaa, 0xaa, 0xaa, 0xaa, 0xaa, 0xaa, 0xaa, 0xaa,
  0xaa, 0xaa, 0xaa, 0xaa, 0xaa, 0xaa, 0xaa, 0xaa, 0xaa, 0xaa, 0xaa, 0xaa,
  0xaa, 0xaa, 0xaa, 0xaa, 0xaa, 0xaa, 0xaa, 0xaa, 0xaa, 0xaa, 0xaa, 0xaa,
  0xaa, 0xaa, 0xaa, 0xaa, 0xaa, 0xaa, 0xaa, 0xaa, 0xaa, 0xaa, 0xaa, 0xaa,
  0xaa, 0xaa, 0xaa, 0xaa, 0xaa, 0xaa, 0xaa, 0xaa, 0xaa, 0xaa, 0xaa, 0xaa,
  0xaa, 0xaa, 0xaa, 0xaa, 0xaa, 0xaa, 0xaa, 0xaa, 0xaa, 0xaa, 0xaa, 0xaa,
  0xaa, 0xaa, 0xaa, 0xaa, 0xaa, 0xaa, 0xaa, 0xaa, 0xaa, 0xaa, 0xaa, 0xaa,
  0xaa, 0xaa, 0xaa, 0xaa, 0xaa, 0xaa, 0xaa, 0xaa, 0xaa, 0xaa, 0xaa, 0xaa,
  0xaa, 0xaa, 0xaa, 0xaa, 0xaa, 0xaa, 0xaa, 0xaa, 0xaa, 0xaa, 0xaa, 0xaa,
  0xaa, 0xaa, 0xaa, 0xaa, 0xaa, 0xaa, 0xaa, 0xaa, 0xaa, 0xaa, 0xaa, 0xaa,
  0xaa, 0xaa
};
static const unsigned int audio_bin_len = 19166;
